"SEQN","HOD050","HOQ065"
62161,10,1
62162,6,2
62163,6,2
62164,6,1
62165,5,2
62166,13,1
62167,3,2
62168,9,1
62169,7,2
62170,9,1
62171,7,1
62172,4,2
62173,5,2
62174,7,1
62175,7,2
62176,8,1
62177,3,2
62178,6,1
62179,9,1
62180,6,1
62181,5,2
62182,10,1
62183,5,2
62184,6,2
62185,2,2
62186,6,1
62187,2,2
62188,3,2
62189,3,1
62190,4,2
62191,5,2
62192,11,1
62193,3,2
62194,6,1
62195,3,2
62196,8,1
62197,7,1
62198,4,2
62199,4,2
62200,10,1
62201,7,1
62202,5,1
62203,5,2
62204,8,1
62205,12,1
62206,9,1
62207,4,2
62208,6,1
62209,5,1
62210,10,1
62211,7,1
62212,6,1
62213,4,1
62214,7,1
62215,9,1
62216,5,2
62217,5,1
62218,8,1
62219,4,2
62220,4,1
62221,5,2
62222,3,2
62223,5,2
62224,2,2
62225,6,1
62226,8,1
62227,8,1
62228,10,1
62229,4,1
62230,3,1
62231,6,1
62232,6,1
62233,5,1
62234,8,1
62235,9,1
62236,8,1
62237,5,1
62238,6,2
62239,4,2
62240,6,2
62241,5,2
62242,10,1
62243,7,1
62244,7,1
62245,10,1
62246,3,2
62247,5,2
62248,6,1
62249,3,1
62250,6,1
62251,4,1
62252,8,9
62253,5,1
62254,5,2
62255,6,1
62256,6,1
62257,,
62258,5,1
62259,5,2
62260,10,1
62261,7,1
62262,6,2
62263,4,2
62264,7,1
62265,10,1
62266,5,1
62267,7,1
62268,2,1
62269,7,2
62270,4,2
62271,5,2
62272,6,1
62273,6,1
62274,6,2
62275,4,1
62276,12,1
62277,5,1
62278,6,1
62279,3,2
62280,5,2
62281,5,2
62282,6,1
62283,8,1
62284,7,1
62285,8,1
62286,5,2
62287,6,1
62288,6,2
62289,6,1
62290,4,1
62291,6,1
62292,7,1
62293,2,2
62294,3,2
62295,3,2
62296,10,1
62297,5,1
62298,11,1
62299,11,1
62300,5,1
62301,7,1
62302,4,2
62303,5,1
62304,4,2
62305,5,2
62306,4,2
62307,5,2
62308,8,1
62309,4,2
62310,7,2
62311,13,1
62312,5,1
62313,4,2
62314,7,1
62315,5,1
62316,4,1
62317,9,1
62318,4,2
62319,5,2
62320,7,1
62321,8,1
62322,3,2
62323,4,1
62324,8,2
62325,3,2
62326,4,1
62327,5,3
62328,6,1
62329,3,2
62330,3,2
62331,9,1
62332,5,2
62333,5,2
62334,6,2
62335,8,1
62336,6,1
62337,8,2
62338,6,2
62339,6,2
62340,6,1
62341,5,1
62342,6,1
62343,9,1
62344,,
62345,6,1
62346,3,2
62347,5,1
62348,4,2
62349,6,2
62350,5,2
62351,6,1
62352,4,1
62353,8,1
62354,8,1
62355,9,1
62356,8,1
62357,9,1
62358,4,2
62359,8,2
62360,8,2
62361,5,2
62362,6,2
62363,7,1
62364,6,1
62365,4,1
62366,9,1
62367,6,1
62368,9,2
62369,6,1
62370,7,1
62371,3,2
62372,6,2
62373,5,1
62374,4,2
62375,3,2
62376,6,2
62377,4,1
62378,10,1
62379,6,1
62380,5,1
62381,9,1
62382,10,2
62383,13,2
62384,6,1
62385,6,2
62386,6,1
62387,4,2
62388,3,2
62389,9,1
62390,3,2
62391,7,1
62392,3,2
62393,6,1
62394,4,3
62395,6,1
62396,5,2
62397,7,1
62398,9,1
62399,5,1
62400,8,1
62401,6,2
62402,6,3
62403,5,2
62404,4,2
62405,4,2
62406,7,1
62407,2,2
62408,7,1
62409,7,1
62410,5,2
62411,3,2
62412,5,2
62413,5,1
62414,5,1
62415,11,1
62416,11,1
62417,4,2
62418,4,1
62419,6,1
62420,6,1
62421,4,2
62422,8,1
62423,10,1
62424,5,2
62425,1,2
62426,6,2
62427,5,2
62428,10,1
62429,7,1
62430,5,2
62431,3,2
62432,9,1
62433,,
62434,7,1
62435,12,1
62436,5,2
62437,6,2
62438,5,1
62439,8,1
62440,4,1
62441,6,2
62442,7,1
62443,2,2
62444,5,1
62445,7,2
62446,4,2
62447,4,2
62448,5,1
62449,6,1
62450,5,2
62451,5,2
62452,4,2
62453,4,2
62454,3,2
62455,7,2
62456,12,1
62457,11,1
62458,5,2
62459,7,1
62460,11,1
62461,4,2
62462,7,1
62463,4,2
62464,10,1
62465,11,1
62466,6,1
62467,5,1
62468,4,2
62469,7,3
62470,5,2
62471,4,1
62472,6,1
62473,4,1
62474,4,2
62475,4,2
62476,8,2
62477,8,2
62478,4,2
62479,4,2
62480,10,1
62481,5,2
62482,10,1
62483,8,1
62484,5,2
62485,5,2
62486,7,1
62487,6,3
62488,6,2
62489,3,2
62490,8,1
62491,8,1
62492,4,2
62493,5,1
62494,4,2
62495,8,1
62496,5,1
62497,7,1
62498,6,1
62499,4,2
62500,6,1
62501,9,2
62502,4,2
62503,6,2
62504,3,2
62505,4,2
62506,5,1
62507,4,2
62508,9,1
62509,8,1
62510,6,1
62511,6,2
62512,7,1
62513,4,2
62514,7,1
62515,4,2
62516,6,2
62517,6,1
62518,12,1
62519,4,2
62520,5,2
62521,8,1
62522,1,2
62523,5,1
62524,6,2
62525,4,2
62526,3,2
62527,4,7
62528,2,2
62529,8,3
62530,6,2
62531,3,2
62532,6,1
62533,4,2
62534,4,2
62535,9,1
62536,6,1
62537,4,1
62538,9,1
62539,5,2
62540,4,1
62541,7,1
62542,4,2
62543,4,2
62544,8,1
62545,8,1
62546,4,2
62547,4,2
62548,6,1
62549,6,1
62550,7,1
62551,9,1
62552,7,1
62553,4,2
62554,8,1
62555,4,2
62556,3,2
62557,5,2
62558,9,1
62559,8,1
62560,5,1
62561,9,1
62562,6,2
62563,7,1
62564,4,2
62565,4,2
62566,5,2
62567,3,1
62568,4,1
62569,5,1
62570,5,2
62571,10,1
62572,5,1
62573,6,2
62574,8,1
62575,7,1
62576,7,1
62577,6,1
62578,7,1
62579,5,1
62580,11,1
62581,11,1
62582,5,1
62583,6,2
62584,6,1
62585,3,2
62586,3,2
62587,6,1
62588,1,2
62589,5,1
62590,6,1
62591,5,2
62592,7,2
62593,6,1
62594,3,2
62595,7,1
62596,6,2
62597,6,2
62598,3,2
62599,9,1
62600,7,1
62601,6,1
62602,6,1
62603,3,1
62604,4,1
62605,6,2
62606,4,2
62607,4,2
62608,,
62609,6,1
62610,3,2
62611,4,1
62612,5,2
62613,4,2
62614,8,1
62615,4,2
62616,4,2
62617,4,2
62618,8,1
62619,4,2
62620,4,2
62621,5,1
62622,10,1
62623,8,1
62624,4,2
62625,7,1
62626,5,2
62627,4,2
62628,5,2
62629,5,1
62630,5,1
62631,6,1
62632,4,2
62633,6,1
62634,7,1
62635,3,2
62636,4,2
62637,10,1
62638,7,1
62639,6,2
62640,4,2
62641,5,1
62642,1,2
62643,6,2
62644,7,1
62645,6,1
62646,4,2
62647,4,2
62648,7,1
62649,8,1
62650,7,1
62651,4,2
62652,7,1
62653,5,2
62654,6,2
62655,6,1
62656,4,2
62657,5,2
62658,5,1
62659,3,2
62660,5,1
62661,8,2
62662,5,1
62663,7,1
62664,5,1
62665,7,1
62666,10,1
62667,10,1
62668,5,2
62669,6,1
62670,13,1
62671,3,2
62672,9,1
62673,6,2
62674,4,2
62675,7,1
62676,13,1
62677,3,2
62678,2,1
62679,4,2
62680,6,1
62681,6,2
62682,3,1
62683,6,2
62684,7,2
62685,5,1
62686,5,1
62687,9,3
62688,5,2
62689,8,1
62690,3,2
62691,4,2
62692,5,1
62693,5,1
62694,3,1
62695,5,2
62696,8,2
62697,7,2
62698,6,1
62699,8,1
62700,4,2
62701,3,2
62702,6,2
62703,7,2
62704,5,2
62705,5,1
62706,5,2
62707,6,1
62708,7,1
62709,7,1
62710,4,2
62711,3,2
62712,4,2
62713,4,2
62714,5,1
62715,8,1
62716,5,1
62717,7,2
62718,8,1
62719,10,1
62720,7,1
62721,13,1
62722,5,2
62723,9,1
62724,8,1
62725,3,2
62726,6,1
62727,5,3
62728,3,2
62729,5,2
62730,6,1
62731,5,1
62732,4,2
62733,7,1
62734,6,1
62735,7,2
62736,4,2
62737,2,2
62738,7,2
62739,6,1
62740,6,1
62741,8,2
62742,3,2
62743,2,2
62744,4,2
62745,6,1
62746,3,2
62747,10,1
62748,11,3
62749,13,1
62750,4,2
62751,8,2
62752,8,1
62753,5,2
62754,10,1
62755,5,2
62756,5,1
62757,7,2
62758,8,1
62759,6,1
62760,3,3
62761,7,1
62762,7,1
62763,13,2
62764,2,2
62765,4,2
62766,5,1
62767,,
62768,3,2
62769,6,2
62770,5,2
62771,4,2
62772,5,2
62773,5,2
62774,7,1
62775,5,2
62776,3,2
62777,7,2
62778,6,1
62779,6,1
62780,12,1
62781,6,2
62782,6,1
62783,4,2
62784,7,1
62785,7,1
62786,4,2
62787,5,1
62788,4,2
62789,3,2
62790,4,2
62791,6,1
62792,4,2
62793,6,1
62794,4,2
62795,4,2
62796,,
62797,2,2
62798,7,1
62799,7,1
62800,6,1
62801,5,2
62802,5,2
62803,8,1
62804,9,1
62805,5,2
62806,4,2
62807,5,1
62808,2,1
62809,6,1
62810,3,2
62811,7,2
62812,4,2
62813,6,1
62814,5,1
62815,6,1
62816,2,2
62817,4,2
62818,6,2
62819,8,1
62820,7,2
62821,4,2
62822,7,2
62823,6,3
62824,8,1
62825,5,1
62826,4,2
62827,6,1
62828,5,1
62829,4,2
62830,7,1
62831,6,2
62832,4,2
62833,5,1
62834,5,2
62835,9,1
62836,7,2
62837,8,2
62838,5,2
62839,8,2
62840,4,1
62841,8,1
62842,4,2
62843,5,2
62844,7,1
62845,10,1
62846,6,1
62847,7,1
62848,5,2
62849,10,1
62850,6,1
62851,5,1
62852,4,2
62853,3,2
62854,4,2
62855,4,1
62856,3,2
62857,7,1
62858,10,1
62859,7,1
62860,6,1
62861,4,1
62862,10,2
62863,5,2
62864,4,1
62865,6,2
62866,5,2
62867,8,1
62868,5,2
62869,8,1
62870,3,2
62871,8,1
62872,7,1
62873,9,1
62874,4,2
62875,5,1
62876,9,1
62877,5,2
62878,5,2
62879,8,1
62880,7,1
62881,11,1
62882,12,1
62883,7,1
62884,5,2
62885,4,1
62886,5,2
62887,7,1
62888,3,3
62889,6,1
62890,5,1
62891,3,2
62892,4,2
62893,5,2
62894,4,2
62895,5,2
62896,8,2
62897,6,1
62898,4,1
62899,777,7
62900,4,1
62901,7,1
62902,8,1
62903,5,2
62904,4,1
62905,3,2
62906,8,2
62907,6,2
62908,4,2
62909,4,2
62910,6,1
62911,6,2
62912,6,1
62913,5,2
62914,4,2
62915,2,2
62916,3,2
62917,10,1
62918,7,2
62919,4,2
62920,8,1
62921,8,1
62922,1,2
62923,4,2
62924,5,2
62925,5,1
62926,4,2
62927,10,1
62928,4,2
62929,7,1
62930,7,1
62931,4,1
62932,6,2
62933,9,1
62934,6,2
62935,6,1
62936,6,1
62937,6,1
62938,4,2
62939,6,1
62940,6,1
62941,5,2
62942,6,1
62943,5,1
62944,7,2
62945,9,1
62946,8,2
62947,4,2
62948,9,1
62949,5,1
62950,6,1
62951,9,1
62952,6,1
62953,5,2
62954,5,1
62955,3,2
62956,3,2
62957,6,1
62958,7,1
62959,5,1
62960,6,2
62961,4,2
62962,3,2
62963,5,1
62964,,
62965,4,2
62966,4,2
62967,5,1
62968,4,2
62969,13,1
62970,4,2
62971,8,1
62972,4,2
62973,8,1
62974,3,1
62975,4,2
62976,3,2
62977,6,1
62978,6,1
62979,5,1
62980,5,1
62981,8,1
62982,6,1
62983,5,2
62984,3,3
62985,6,1
62986,5,2
62987,6,1
62988,5,1
62989,5,1
62990,6,1
62991,6,1
62992,6,2
62993,8,1
62994,7,1
62995,3,2
62996,4,2
62997,4,1
62998,3,2
62999,10,1
63000,8,1
63001,4,2
63002,3,2
63003,6,2
63004,3,2
63005,4,2
63006,8,1
63007,6,1
63008,7,2
63009,6,1
63010,5,1
63011,7,1
63012,5,1
63013,8,1
63014,5,1
63015,5,1
63016,4,2
63017,5,1
63018,8,2
63019,4,2
63020,6,1
63021,4,2
63022,5,1
63023,5,2
63024,10,1
63025,5,1
63026,4,1
63027,4,1
63028,5,1
63029,5,2
63030,4,2
63031,4,2
63032,4,2
63033,8,1
63034,4,2
63035,7,1
63036,3,2
63037,3,2
63038,6,2
63039,5,2
63040,,
63041,6,2
63042,8,1
63043,7,1
63044,4,2
63045,5,2
63046,7,1
63047,5,2
63048,4,2
63049,5,1
63050,2,2
63051,4,2
63052,5,1
63053,4,2
63054,5,1
63055,3,1
63056,4,2
63057,4,2
63058,8,1
63059,4,2
63060,6,2
63061,6,1
63062,4,2
63063,4,2
63064,4,2
63065,5,2
63066,6,2
63067,4,1
63068,6,2
63069,2,2
63070,6,1
63071,6,1
63072,4,2
63073,7,2
63074,5,1
63075,6,1
63076,3,2
63077,6,1
63078,6,2
63079,4,1
63080,7,1
63081,4,2
63082,4,1
63083,7,1
63084,8,1
63085,5,2
63086,8,1
63087,3,2
63088,4,2
63089,8,1
63090,13,1
63091,5,2
63092,7,2
63093,6,2
63094,6,1
63095,8,1
63096,8,1
63097,7,1
63098,6,2
63099,6,1
63100,6,1
63101,5,1
63102,5,1
63103,8,1
63104,6,1
63105,5,1
63106,7,1
63107,3,2
63108,5,2
63109,7,1
63110,5,1
63111,4,2
63112,4,1
63113,8,1
63114,4,1
63115,8,2
63116,3,1
63117,3,2
63118,3,2
63119,2,2
63120,5,2
63121,9,1
63122,6,2
63123,4,1
63124,6,1
63125,6,2
63126,8,1
63127,3,2
63128,4,2
63129,3,2
63130,4,2
63131,4,2
63132,11,1
63133,4,2
63134,5,1
63135,6,2
63136,8,3
63137,5,1
63138,5,2
63139,3,2
63140,6,2
63141,6,1
63142,6,1
63143,4,2
63144,5,1
63145,4,1
63146,6,2
63147,6,1
63148,4,3
63149,6,1
63150,8,1
63151,4,2
63152,6,3
63153,4,2
63154,5,1
63155,13,1
63156,9,1
63157,8,1
63158,9,2
63159,1,3
63160,5,2
63161,4,2
63162,6,1
63163,1,2
63164,11,1
63165,4,2
63166,8,2
63167,5,1
63168,5,2
63169,7,1
63170,4,1
63171,6,2
63172,5,1
63173,7,1
63174,4,2
63175,9,1
63176,5,1
63177,6,1
63178,5,1
63179,6,1
63180,8,1
63181,4,2
63182,13,1
63183,4,2
63184,7,1
63185,4,2
63186,9,1
63187,5,1
63188,3,2
63189,4,2
63190,11,1
63191,2,2
63192,5,1
63193,3,1
63194,3,2
63195,6,1
63196,2,2
63197,12,1
63198,3,2
63199,4,2
63200,7,1
63201,8,1
63202,10,2
63203,2,2
63204,4,2
63205,4,1
63206,6,1
63207,10,1
63208,9,1
63209,8,1
63210,10,2
63211,5,1
63212,3,2
63213,10,1
63214,7,1
63215,6,1
63216,6,1
63217,4,2
63218,4,2
63219,10,1
63220,5,2
63221,4,1
63222,5,1
63223,6,2
63224,5,1
63225,10,1
63226,7,2
63227,6,1
63228,4,2
63229,7,1
63230,2,2
63231,2,2
63232,8,1
63233,4,2
63234,3,2
63235,5,1
63236,5,1
63237,6,1
63238,5,1
63239,3,3
63240,8,2
63241,9,1
63242,6,1
63243,7,1
63244,9,3
63245,6,1
63246,10,1
63247,8,1
63248,6,1
63249,9,3
63250,11,1
63251,2,1
63252,5,2
63253,3,2
63254,4,1
63255,8,1
63256,6,1
63257,3,2
63258,8,1
63259,6,2
63260,11,1
63261,4,2
63262,5,3
63263,6,1
63264,6,1
63265,6,1
63266,5,2
63267,5,2
63268,4,2
63269,5,1
63270,6,1
63271,5,1
63272,,
63273,6,1
63274,6,2
63275,12,1
63276,4,1
63277,10,1
63278,10,1
63279,5,2
63280,7,1
63281,5,2
63282,6,2
63283,7,1
63284,8,1
63285,5,2
63286,4,2
63287,5,1
63288,11,1
63289,7,1
63290,4,2
63291,6,1
63292,9,1
63293,7,1
63294,6,1
63295,7,1
63296,6,1
63297,7,1
63298,7,1
63299,6,2
63300,3,2
63301,5,2
63302,7,2
63303,5,2
63304,5,2
63305,5,2
63306,8,1
63307,11,1
63308,4,2
63309,3,2
63310,5,1
63311,7,1
63312,6,1
63313,10,1
63314,5,2
63315,2,1
63316,6,1
63317,4,1
63318,6,2
63319,3,2
63320,2,2
63321,9,1
63322,4,2
63323,9,1
63324,4,3
63325,7,1
63326,5,2
63327,6,2
63328,5,3
63329,4,1
63330,7,1
63331,4,2
63332,4,1
63333,6,1
63334,3,2
63335,3,2
63336,10,1
63337,7,1
63338,7,1
63339,6,1
63340,5,2
63341,6,1
63342,3,2
63343,9,1
63344,10,1
63345,6,1
63346,5,2
63347,5,1
63348,3,2
63349,6,1
63350,8,1
63351,4,2
63352,3,1
63353,4,2
63354,4,1
63355,7,1
63356,6,1
63357,5,2
63358,3,2
63359,7,1
63360,3,1
63361,4,1
63362,4,1
63363,7,1
63364,7,1
63365,4,2
63366,7,2
63367,3,2
63368,4,2
63369,4,2
63370,3,2
63371,4,2
63372,4,2
63373,6,2
63374,3,2
63375,6,1
63376,4,1
63377,5,2
63378,5,1
63379,7,2
63380,4,1
63381,11,1
63382,4,2
63383,6,1
63384,4,3
63385,6,2
63386,5,1
63387,6,2
63388,5,1
63389,5,3
63390,9,1
63391,5,2
63392,6,2
63393,8,1
63394,5,2
63395,6,1
63396,11,1
63397,4,2
63398,5,1
63399,3,2
63400,3,2
63401,7,1
63402,7,2
63403,6,1
63404,5,1
63405,9,1
63406,7,2
63407,4,2
63408,5,2
63409,6,1
63410,4,2
63411,11,1
63412,4,2
63413,7,1
63414,5,2
63415,6,2
63416,5,2
63417,5,1
63418,6,2
63419,6,1
63420,3,2
63421,7,2
63422,3,2
63423,4,1
63424,7,1
63425,6,1
63426,3,2
63427,5,2
63428,4,2
63429,4,2
63430,5,2
63431,4,2
63432,9,1
63433,10,1
63434,6,2
63435,4,2
63436,10,1
63437,5,2
63438,5,1
63439,7,1
63440,5,1
63441,7,2
63442,3,2
63443,7,1
63444,6,2
63445,3,2
63446,7,2
63447,4,2
63448,3,2
63449,9,1
63450,9,1
63451,4,3
63452,6,2
63453,3,2
63454,4,2
63455,7,2
63456,10,1
63457,6,1
63458,3,2
63459,3,2
63460,3,2
63461,6,1
63462,4,2
63463,6,1
63464,4,1
63465,8,1
63466,9,1
63467,11,1
63468,3,2
63469,5,2
63470,5,2
63471,2,2
63472,5,2
63473,7,1
63474,6,1
63475,4,2
63476,4,3
63477,5,1
63478,1,1
63479,6,3
63480,2,2
63481,6,2
63482,13,1
63483,7,1
63484,6,1
63485,2,2
63486,9,1
63487,8,1
63488,6,3
63489,4,2
63490,8,2
63491,11,1
63492,3,2
63493,3,1
63494,5,2
63495,8,2
63496,3,1
63497,3,2
63498,6,1
63499,6,1
63500,5,2
63501,5,2
63502,6,1
63503,12,1
63504,6,2
63505,6,2
63506,4,2
63507,3,2
63508,4,2
63509,3,2
63510,5,1
63511,5,2
63512,3,2
63513,8,1
63514,5,2
63515,9,1
63516,4,2
63517,7,1
63518,4,2
63519,3,1
63520,8,1
63521,6,1
63522,9,1
63523,4,2
63524,8,1
63525,3,2
63526,6,1
63527,4,2
63528,5,2
63529,5,2
63530,7,1
63531,3,2
63532,9,1
63533,11,1
63534,4,1
63535,5,1
63536,9,1
63537,8,1
63538,8,1
63539,4,2
63540,6,1
63541,5,1
63542,5,2
63543,3,2
63544,4,2
63545,10,1
63546,3,2
63547,5,2
63548,5,2
63549,5,2
63550,4,2
63551,11,1
63552,6,1
63553,5,1
63554,8,1
63555,7,1
63556,10,1
63557,6,1
63558,5,1
63559,8,1
63560,8,3
63561,3,1
63562,5,2
63563,3,2
63564,8,1
63565,7,1
63566,7,1
63567,5,2
63568,4,2
63569,4,2
63570,4,1
63571,10,1
63572,7,2
63573,6,1
63574,5,1
63575,5,2
63576,7,1
63577,6,2
63578,6,2
63579,7,1
63580,7,1
63581,5,1
63582,5,1
63583,9,1
63584,4,2
63585,5,2
63586,7,2
63587,5,2
63588,7,1
63589,5,2
63590,11,1
63591,7,2
63592,5,2
63593,7,1
63594,6,2
63595,3,2
63596,4,1
63597,2,2
63598,4,2
63599,5,1
63600,5,2
63601,,
63602,3,2
63603,5,1
63604,4,2
63605,4,2
63606,7,1
63607,4,1
63608,4,1
63609,7,1
63610,4,2
63611,8,1
63612,8,1
63613,6,2
63614,3,2
63615,4,2
63616,7,1
63617,5,2
63618,9,1
63619,6,1
63620,7,1
63621,8,1
63622,7,2
63623,6,1
63624,5,2
63625,3,3
63626,7,1
63627,8,1
63628,9,1
63629,4,2
63630,5,2
63631,9,1
63632,6,1
63633,12,1
63634,5,2
63635,7,1
63636,5,2
63637,8,1
63638,9,1
63639,7,1
63640,5,2
63641,5,2
63642,3,2
63643,7,2
63644,4,2
63645,9,1
63646,3,2
63647,7,1
63648,7,1
63649,10,1
63650,6,1
63651,3,2
63652,7,1
63653,4,2
63654,5,2
63655,10,1
63656,7,2
63657,8,1
63658,6,2
63659,7,1
63660,5,2
63661,5,2
63662,6,3
63663,7,1
63664,5,1
63665,5,1
63666,7,1
63667,5,1
63668,4,2
63669,6,2
63670,6,1
63671,5,2
63672,5,2
63673,3,2
63674,4,2
63675,8,1
63676,6,1
63677,6,1
63678,5,2
63679,11,1
63680,8,2
63681,6,1
63682,7,1
63683,7,1
63684,6,2
63685,6,1
63686,5,1
63687,7,1
63688,4,2
63689,7,1
63690,3,2
63691,6,2
63692,5,2
63693,7,1
63694,6,1
63695,5,2
63696,6,1
63697,6,1
63698,4,2
63699,6,1
63700,9,1
63701,12,1
63702,9,1
63703,6,2
63704,7,1
63705,5,2
63706,5,1
63707,4,2
63708,5,2
63709,4,2
63710,7,1
63711,5,2
63712,5,2
63713,5,1
63714,7,1
63715,5,1
63716,4,2
63717,5,2
63718,5,2
63719,5,2
63720,5,2
63721,2,1
63722,,
63723,6,1
63724,2,2
63725,7,1
63726,3,2
63727,7,1
63728,4,2
63729,10,3
63730,10,1
63731,3,2
63732,3,3
63733,4,2
63734,3,2
63735,5,2
63736,5,2
63737,5,2
63738,9,1
63739,5,2
63740,5,1
63741,3,2
63742,8,1
63743,5,2
63744,10,1
63745,4,2
63746,4,2
63747,3,2
63748,7,1
63749,5,1
63750,5,2
63751,8,2
63752,2,2
63753,3,2
63754,7,1
63755,7,2
63756,4,2
63757,4,2
63758,7,3
63759,10,1
63760,8,1
63761,3,2
63762,4,2
63763,6,1
63764,8,1
63765,7,1
63766,9,1
63767,2,2
63768,5,2
63769,4,2
63770,5,2
63771,7,3
63772,11,1
63773,3,1
63774,4,2
63775,8,1
63776,8,1
63777,8,2
63778,4,2
63779,7,2
63780,7,1
63781,5,2
63782,4,2
63783,8,1
63784,7,1
63785,7,1
63786,9,1
63787,8,1
63788,3,2
63789,5,1
63790,9,2
63791,4,2
63792,4,2
63793,4,2
63794,7,1
63795,6,2
63796,9,1
63797,10,3
63798,4,1
63799,4,2
63800,3,2
63801,6,1
63802,7,1
63803,7,1
63804,7,1
63805,13,1
63806,12,1
63807,5,2
63808,3,2
63809,12,1
63810,1,2
63811,5,2
63812,4,2
63813,3,2
63814,6,1
63815,5,2
63816,5,2
63817,8,1
63818,7,1
63819,4,1
63820,4,2
63821,5,2
63822,9,1
63823,3,1
63824,6,3
63825,3,2
63826,4,2
63827,6,1
63828,5,1
63829,6,1
63830,5,1
63831,9,1
63832,6,1
63833,5,1
63834,10,1
63835,6,1
63836,7,2
63837,10,1
63838,5,1
63839,7,1
63840,7,1
63841,3,2
63842,5,1
63843,4,2
63844,7,1
63845,6,1
63846,5,2
63847,3,2
63848,8,1
63849,5,2
63850,6,1
63851,5,2
63852,7,2
63853,5,1
63854,6,2
63855,9,1
63856,5,3
63857,3,2
63858,6,1
63859,5,2
63860,5,1
63861,8,1
63862,5,1
63863,4,3
63864,5,2
63865,4,2
63866,2,2
63867,4,2
63868,4,1
63869,7,1
63870,6,2
63871,5,1
63872,5,1
63873,6,1
63874,5,2
63875,4,2
63876,6,2
63877,4,2
63878,6,1
63879,6,1
63880,7,1
63881,7,2
63882,5,1
63883,4,2
63884,5,1
63885,1,2
63886,8,1
63887,5,1
63888,4,2
63889,3,2
63890,5,2
63891,8,1
63892,10,1
63893,5,1
63894,7,2
63895,8,1
63896,4,2
63897,4,2
63898,7,1
63899,7,1
63900,5,1
63901,4,2
63902,6,1
63903,12,1
63904,4,2
63905,4,2
63906,5,2
63907,6,2
63908,4,1
63909,4,1
63910,6,1
63911,4,1
63912,6,2
63913,5,2
63914,6,2
63915,10,1
63916,6,2
63917,4,1
63918,7,1
63919,3,2
63920,7,1
63921,7,2
63922,4,2
63923,5,1
63924,4,2
63925,3,2
63926,5,2
63927,3,2
63928,2,2
63929,6,1
63930,6,1
63931,7,1
63932,4,2
63933,6,2
63934,8,1
63935,6,2
63936,3,2
63937,6,2
63938,6,1
63939,6,1
63940,5,2
63941,4,1
63942,7,1
63943,7,2
63944,8,2
63945,2,2
63946,6,1
63947,4,2
63948,5,1
63949,6,1
63950,8,1
63951,11,1
63952,8,1
63953,7,1
63954,5,2
63955,7,1
63956,7,1
63957,9,1
63958,6,1
63959,5,1
63960,7,1
63961,9,1
63962,5,1
63963,6,1
63964,6,1
63965,5,2
63966,5,1
63967,4,2
63968,4,1
63969,4,2
63970,5,1
63971,5,1
63972,11,1
63973,7,1
63974,11,1
63975,5,2
63976,7,1
63977,6,1
63978,11,3
63979,9,1
63980,5,2
63981,5,2
63982,6,1
63983,7,2
63984,4,2
63985,3,2
63986,4,2
63987,3,2
63988,6,2
63989,5,1
63990,3,2
63991,8,2
63992,6,1
63993,7,2
63994,5,2
63995,5,1
63996,3,2
63997,4,1
63998,4,2
63999,10,1
64000,,
64001,6,1
64002,7,1
64003,7,1
64004,5,2
64005,4,2
64006,4,1
64007,6,1
64008,5,2
64009,3,2
64010,10,1
64011,3,1
64012,10,1
64013,3,2
64014,5,2
64015,3,2
64016,3,2
64017,7,1
64018,7,2
64019,2,2
64020,6,1
64021,6,1
64022,7,1
64023,5,1
64024,7,1
64025,5,2
64026,5,1
64027,8,2
64028,4,2
64029,6,1
64030,5,1
64031,2,2
64032,5,1
64033,4,2
64034,5,1
64035,6,1
64036,4,2
64037,4,2
64038,5,2
64039,7,2
64040,6,1
64041,3,1
64042,2,2
64043,4,2
64044,7,1
64045,8,2
64046,3,1
64047,8,1
64048,5,1
64049,5,2
64050,5,2
64051,12,2
64052,8,1
64053,4,2
64054,4,2
64055,4,2
64056,13,1
64057,11,1
64058,2,2
64059,5,1
64060,4,2
64061,7,1
64062,6,3
64063,4,2
64064,6,1
64065,4,1
64066,7,1
64067,4,2
64068,8,1
64069,6,1
64070,7,1
64071,6,1
64072,6,1
64073,8,1
64074,6,1
64075,4,2
64076,5,2
64077,4,2
64078,8,1
64079,4,2
64080,2,2
64081,7,3
64082,3,1
64083,6,1
64084,6,1
64085,6,1
64086,3,2
64087,5,2
64088,6,1
64089,10,1
64090,10,1
64091,2,2
64092,4,2
64093,8,1
64094,5,1
64095,4,2
64096,8,1
64097,3,2
64098,5,1
64099,8,1
64100,6,1
64101,5,2
64102,5,1
64103,5,2
64104,4,2
64105,6,2
64106,6,1
64107,6,1
64108,7,1
64109,9,1
64110,3,2
64111,4,2
64112,6,1
64113,8,1
64114,6,1
64115,12,1
64116,13,1
64117,8,1
64118,4,2
64119,9,1
64120,6,2
64121,5,2
64122,4,2
64123,4,2
64124,4,1
64125,6,1
64126,5,2
64127,10,1
64128,4,1
64129,5,2
64130,6,1
64131,5,1
64132,10,1
64133,5,1
64134,9,1
64135,5,1
64136,5,1
64137,5,2
64138,6,1
64139,6,2
64140,6,2
64141,6,1
64142,5,2
64143,6,2
64144,8,1
64145,5,2
64146,9,1
64147,4,1
64148,8,1
64149,5,2
64150,4,2
64151,7,1
64152,4,2
64153,6,1
64154,6,2
64155,4,2
64156,5,1
64157,4,1
64158,7,1
64159,8,1
64160,5,2
64161,10,1
64162,11,1
64163,6,1
64164,13,1
64165,3,2
64166,5,1
64167,3,3
64168,7,1
64169,5,2
64170,4,2
64171,10,1
64172,5,2
64173,5,1
64174,4,2
64175,3,2
64176,11,1
64177,4,2
64178,5,1
64179,5,1
64180,4,2
64181,7,1
64182,8,1
64183,3,2
64184,7,1
64185,6,1
64186,6,1
64187,9,2
64188,6,1
64189,4,2
64190,4,2
64191,4,1
64192,6,1
64193,5,2
64194,7,1
64195,9,1
64196,7,1
64197,5,1
64198,5,2
64199,4,2
64200,3,2
64201,7,2
64202,7,2
64203,6,1
64204,12,1
64205,6,2
64206,5,1
64207,3,2
64208,6,2
64209,3,2
64210,4,2
64211,8,1
64212,7,1
64213,4,2
64214,4,1
64215,5,1
64216,3,1
64217,8,1
64218,6,1
64219,6,1
64220,5,2
64221,8,1
64222,4,1
64223,6,1
64224,3,2
64225,8,1
64226,2,2
64227,4,3
64228,5,2
64229,8,2
64230,6,1
64231,7,1
64232,5,2
64233,4,2
64234,6,1
64235,4,2
64236,4,2
64237,11,1
64238,3,2
64239,5,2
64240,9,2
64241,4,2
64242,12,1
64243,13,1
64244,4,2
64245,11,1
64246,5,1
64247,4,2
64248,3,2
64249,9,1
64250,4,1
64251,6,1
64252,6,1
64253,9,1
64254,3,2
64255,5,2
64256,6,1
64257,5,2
64258,7,1
64259,6,1
64260,5,2
64261,8,1
64262,3,2
64263,6,1
64264,6,2
64265,8,1
64266,2,1
64267,4,2
64268,5,2
64269,5,1
64270,6,1
64271,3,2
64272,5,2
64273,6,1
64274,3,2
64275,4,1
64276,6,1
64277,1,2
64278,3,2
64279,6,2
64280,12,1
64281,4,1
64282,5,2
64283,4,2
64284,5,2
64285,4,2
64286,7,1
64287,6,1
64288,5,1
64289,4,2
64290,6,1
64291,4,2
64292,6,1
64293,7,1
64294,5,2
64295,,
64296,6,1
64297,5,2
64298,10,1
64299,5,1
64300,4,2
64301,3,2
64302,7,1
64303,6,1
64304,4,2
64305,6,1
64306,4,2
64307,4,1
64308,4,2
64309,5,1
64310,11,1
64311,6,1
64312,5,1
64313,4,1
64314,5,2
64315,8,1
64316,7,2
64317,4,2
64318,6,2
64319,12,1
64320,7,1
64321,9,1
64322,8,1
64323,6,2
64324,5,2
64325,6,1
64326,4,2
64327,7,1
64328,4,2
64329,9,1
64330,8,1
64331,7,1
64332,5,2
64333,5,1
64334,2,2
64335,,
64336,6,2
64337,4,2
64338,3,2
64339,8,1
64340,4,1
64341,5,2
64342,8,1
64343,7,1
64344,4,2
64345,5,2
64346,7,1
64347,4,1
64348,6,1
64349,,
64350,5,2
64351,7,1
64352,5,1
64353,8,1
64354,6,1
64355,6,2
64356,8,2
64357,7,1
64358,,
64359,3,2
64360,3,2
64361,11,1
64362,6,1
64363,8,1
64364,10,1
64365,6,2
64366,5,2
64367,4,1
64368,2,2
64369,2,2
64370,2,2
64371,11,1
64372,8,1
64373,8,3
64374,8,1
64375,6,2
64376,12,1
64377,7,2
64378,5,2
64379,5,2
64380,5,2
64381,10,1
64382,3,2
64383,5,2
64384,6,2
64385,5,1
64386,4,1
64387,6,1
64388,4,1
64389,7,1
64390,6,2
64391,6,2
64392,6,2
64393,10,1
64394,5,2
64395,7,1
64396,5,1
64397,4,2
64398,4,2
64399,4,2
64400,2,2
64401,4,2
64402,3,2
64403,4,1
64404,4,2
64405,3,1
64406,5,1
64407,3,2
64408,8,1
64409,6,2
64410,5,1
64411,6,1
64412,5,2
64413,5,2
64414,5,2
64415,7,1
64416,6,1
64417,8,1
64418,7,2
64419,5,1
64420,6,1
64421,6,2
64422,5,2
64423,4,2
64424,9,1
64425,7,1
64426,4,2
64427,9,1
64428,5,2
64429,7,1
64430,10,1
64431,4,2
64432,4,2
64433,6,1
64434,6,2
64435,4,3
64436,5,2
64437,4,2
64438,5,2
64439,4,1
64440,8,1
64441,4,2
64442,6,1
64443,7,2
64444,11,1
64445,8,1
64446,9,1
64447,6,1
64448,5,1
64449,4,1
64450,7,1
64451,2,2
64452,3,2
64453,5,2
64454,10,1
64455,5,2
64456,5,1
64457,7,2
64458,5,1
64459,5,1
64460,6,2
64461,5,2
64462,4,1
64463,9,1
64464,7,2
64465,5,2
64466,4,3
64467,7,2
64468,13,1
64469,6,1
64470,4,2
64471,6,1
64472,10,3
64473,6,1
64474,8,1
64475,3,2
64476,1,2
64477,4,2
64478,7,2
64479,5,1
64480,8,1
64481,5,2
64482,7,1
64483,4,2
64484,3,2
64485,3,2
64486,10,2
64487,5,2
64488,3,2
64489,6,1
64490,8,1
64491,4,2
64492,6,1
64493,9,1
64494,6,1
64495,5,1
64496,10,1
64497,3,1
64498,8,2
64499,6,2
64500,5,2
64501,8,1
64502,6,2
64503,5,2
64504,6,2
64505,4,2
64506,5,1
64507,6,1
64508,2,2
64509,4,2
64510,5,1
64511,5,1
64512,7,1
64513,2,2
64514,4,2
64515,7,1
64516,6,1
64517,6,1
64518,6,2
64519,7,1
64520,6,3
64521,7,1
64522,8,1
64523,4,2
64524,3,3
64525,4,2
64526,6,2
64527,,
64528,4,3
64529,3,2
64530,5,1
64531,4,2
64532,12,1
64533,4,2
64534,5,1
64535,6,2
64536,6,1
64537,7,1
64538,6,1
64539,6,1
64540,8,1
64541,6,1
64542,7,3
64543,7,1
64544,4,1
64545,6,1
64546,4,2
64547,4,2
64548,6,2
64549,4,1
64550,10,1
64551,6,2
64552,4,1
64553,6,1
64554,8,1
64555,5,2
64556,3,3
64557,4,2
64558,5,2
64559,7,1
64560,6,1
64561,4,2
64562,7,1
64563,8,2
64564,7,1
64565,3,2
64566,6,1
64567,7,1
64568,6,2
64569,6,2
64570,3,2
64571,11,1
64572,10,1
64573,5,2
64574,5,3
64575,4,2
64576,8,1
64577,2,2
64578,3,2
64579,4,2
64580,4,2
64581,3,2
64582,6,2
64583,5,1
64584,7,1
64585,5,1
64586,3,2
64587,2,2
64588,5,2
64589,3,3
64590,6,1
64591,4,2
64592,4,1
64593,10,1
64594,6,1
64595,4,2
64596,4,2
64597,6,1
64598,13,1
64599,5,2
64600,7,1
64601,5,2
64602,10,1
64603,10,1
64604,3,2
64605,4,2
64606,7,1
64607,7,2
64608,7,1
64609,6,1
64610,8,1
64611,7,1
64612,7,2
64613,4,1
64614,6,2
64615,6,1
64616,8,1
64617,3,2
64618,6,1
64619,4,2
64620,5,2
64621,9,1
64622,5,1
64623,3,2
64624,7,2
64625,8,1
64626,5,2
64627,4,2
64628,4,2
64629,4,1
64630,9,1
64631,10,1
64632,8,1
64633,3,1
64634,3,2
64635,3,2
64636,2,2
64637,6,2
64638,3,2
64639,6,1
64640,5,1
64641,6,2
64642,6,1
64643,4,2
64644,5,2
64645,4,2
64646,7,1
64647,6,1
64648,4,2
64649,5,2
64650,8,1
64651,3,2
64652,4,2
64653,4,2
64654,5,2
64655,5,2
64656,6,1
64657,4,2
64658,6,2
64659,4,2
64660,5,1
64661,3,2
64662,6,1
64663,5,1
64664,5,1
64665,11,1
64666,10,2
64667,4,2
64668,3,3
64669,6,2
64670,5,2
64671,8,1
64672,5,1
64673,6,1
64674,5,1
64675,13,1
64676,6,1
64677,9,1
64678,4,2
64679,8,1
64680,7,1
64681,10,1
64682,6,1
64683,3,2
64684,7,1
64685,4,2
64686,3,2
64687,5,2
64688,4,2
64689,3,2
64690,5,2
64691,3,2
64692,5,2
64693,4,2
64694,4,2
64695,4,2
64696,8,1
64697,4,2
64698,6,2
64699,5,1
64700,4,2
64701,6,1
64702,5,2
64703,3,2
64704,5,1
64705,5,1
64706,5,2
64707,4,2
64708,9,1
64709,5,2
64710,9,1
64711,8,1
64712,4,3
64713,8,1
64714,6,2
64715,3,2
64716,6,1
64717,6,1
64718,4,2
64719,3,2
64720,5,2
64721,4,2
64722,5,2
64723,6,2
64724,12,1
64725,5,1
64726,7,2
64727,5,2
64728,1,2
64729,,
64730,5,2
64731,4,1
64732,3,2
64733,5,1
64734,6,1
64735,10,1
64736,6,1
64737,2,2
64738,8,1
64739,8,1
64740,9,1
64741,6,2
64742,5,1
64743,6,1
64744,5,1
64745,6,1
64746,6,1
64747,4,2
64748,5,2
64749,5,2
64750,3,2
64751,5,1
64752,5,1
64753,3,2
64754,7,1
64755,3,2
64756,7,1
64757,13,1
64758,7,2
64759,4,1
64760,7,1
64761,13,1
64762,9,1
64763,4,2
64764,5,1
64765,7,1
64766,5,2
64767,3,2
64768,4,2
64769,4,2
64770,11,1
64771,4,2
64772,4,2
64773,10,1
64774,5,2
64775,4,1
64776,2,2
64777,4,1
64778,6,1
64779,4,2
64780,7,1
64781,5,2
64782,6,1
64783,5,1
64784,6,2
64785,5,1
64786,7,1
64787,3,2
64788,7,1
64789,7,1
64790,7,1
64791,3,2
64792,6,1
64793,4,2
64794,5,2
64795,5,1
64796,8,1
64797,5,2
64798,11,1
64799,5,2
64800,6,1
64801,6,1
64802,4,2
64803,4,2
64804,9,1
64805,2,2
64806,8,1
64807,6,1
64808,8,1
64809,8,1
64810,5,2
64811,6,1
64812,8,1
64813,8,1
64814,5,2
64815,4,7
64816,3,2
64817,4,1
64818,3,2
64819,5,1
64820,5,2
64821,5,2
64822,4,1
64823,7,2
64824,3,2
64825,5,1
64826,3,2
64827,4,2
64828,4,1
64829,7,1
64830,12,2
64831,4,2
64832,4,1
64833,4,2
64834,9,3
64835,6,1
64836,5,2
64837,6,1
64838,5,2
64839,6,1
64840,8,2
64841,8,1
64842,5,1
64843,6,2
64844,5,2
64845,4,2
64846,5,1
64847,8,1
64848,4,1
64849,10,1
64850,9,1
64851,1,2
64852,5,1
64853,5,1
64854,3,2
64855,6,2
64856,4,2
64857,6,1
64858,6,2
64859,2,1
64860,4,2
64861,5,2
64862,6,1
64863,5,2
64864,5,2
64865,5,3
64866,3,2
64867,8,1
64868,4,2
64869,4,1
64870,9,1
64871,13,1
64872,4,3
64873,10,1
64874,6,1
64875,2,1
64876,5,1
64877,4,3
64878,5,2
64879,5,2
64880,11,1
64881,10,1
64882,9,1
64883,4,2
64884,2,2
64885,5,3
64886,3,2
64887,5,1
64888,5,2
64889,7,1
64890,3,2
64891,8,1
64892,6,1
64893,11,1
64894,6,1
64895,5,1
64896,4,2
64897,4,3
64898,4,2
64899,5,1
64900,4,2
64901,5,2
64902,5,2
64903,6,1
64904,5,2
64905,7,1
64906,6,1
64907,9,1
64908,6,1
64909,5,1
64910,4,1
64911,6,1
64912,5,2
64913,7,1
64914,4,2
64915,6,2
64916,4,3
64917,4,2
64918,4,2
64919,5,2
64920,7,2
64921,7,2
64922,9,1
64923,4,2
64924,5,1
64925,5,2
64926,7,2
64927,4,1
64928,5,2
64929,7,2
64930,4,1
64931,5,2
64932,4,2
64933,4,1
64934,6,1
64935,8,1
64936,4,2
64937,5,1
64938,5,1
64939,1,3
64940,8,2
64941,6,1
64942,5,1
64943,3,2
64944,9,2
64945,7,1
64946,7,2
64947,6,1
64948,4,1
64949,11,1
64950,5,2
64951,4,2
64952,6,2
64953,6,1
64954,4,1
64955,8,1
64956,5,1
64957,3,2
64958,5,2
64959,8,1
64960,7,2
64961,11,1
64962,10,1
64963,11,1
64964,7,1
64965,7,1
64966,8,1
64967,5,2
64968,11,1
64969,6,2
64970,4,2
64971,6,1
64972,6,1
64973,5,1
64974,5,1
64975,4,2
64976,9,1
64977,3,2
64978,3,2
64979,4,2
64980,5,1
64981,4,2
64982,5,2
64983,5,1
64984,,
64985,6,1
64986,5,1
64987,5,2
64988,7,1
64989,4,2
64990,13,1
64991,6,1
64992,5,1
64993,5,1
64994,3,2
64995,3,2
64996,5,1
64997,5,2
64998,5,1
64999,6,1
65000,3,2
65001,8,1
65002,4,1
65003,4,1
65004,5,2
65005,5,1
65006,12,1
65007,4,2
65008,5,2
65009,7,1
65010,10,1
65011,5,2
65012,2,2
65013,4,2
65014,6,1
65015,4,2
65016,5,1
65017,6,1
65018,7,1
65019,10,1
65020,2,2
65021,4,2
65022,6,2
65023,8,2
65024,4,2
65025,7,1
65026,5,2
65027,4,2
65028,5,1
65029,7,1
65030,4,2
65031,3,3
65032,6,1
65033,5,1
65034,6,2
65035,5,1
65036,2,2
65037,6,1
65038,11,1
65039,8,1
65040,6,1
65041,5,2
65042,9,2
65043,6,1
65044,9,1
65045,3,2
65046,4,1
65047,6,1
65048,7,1
65049,3,2
65050,11,1
65051,3,3
65052,8,1
65053,3,2
65054,5,2
65055,5,1
65056,5,2
65057,7,1
65058,4,1
65059,4,2
65060,6,1
65061,4,2
65062,10,1
65063,8,1
65064,5,1
65065,4,2
65066,6,1
65067,5,2
65068,7,1
65069,3,1
65070,3,2
65071,9,1
65072,5,2
65073,10,1
65074,4,1
65075,10,1
65076,7,1
65077,6,2
65078,7,1
65079,5,1
65080,5,1
65081,5,2
65082,5,2
65083,3,2
65084,5,1
65085,4,2
65086,8,1
65087,5,2
65088,6,1
65089,2,2
65090,6,1
65091,6,1
65092,3,3
65093,5,2
65094,7,1
65095,8,1
65096,6,2
65097,7,1
65098,8,1
65099,5,2
65100,9,1
65101,5,2
65102,10,3
65103,4,2
65104,10,3
65105,5,2
65106,7,1
65107,5,1
65108,5,1
65109,6,2
65110,2,2
65111,6,1
65112,4,1
65113,4,1
65114,6,2
65115,5,3
65116,5,2
65117,7,1
65118,7,1
65119,6,2
65120,3,2
65121,2,2
65122,9,1
65123,6,2
65124,4,2
65125,3,2
65126,11,1
65127,7,1
65128,4,3
65129,4,2
65130,6,1
65131,6,1
65132,6,2
65133,5,2
65134,12,1
65135,5,1
65136,5,2
65137,7,1
65138,6,2
65139,4,2
65140,4,2
65141,7,1
65142,4,3
65143,4,1
65144,4,2
65145,6,1
65146,5,2
65147,6,1
65148,3,2
65149,6,2
65150,5,1
65151,3,1
65152,13,1
65153,12,1
65154,5,2
65155,10,1
65156,6,1
65157,5,1
65158,5,1
65159,5,1
65160,4,2
65161,7,1
65162,3,2
65163,6,1
65164,7,3
65165,5,2
65166,5,2
65167,5,1
65168,4,2
65169,6,1
65170,11,1
65171,10,1
65172,5,2
65173,3,2
65174,4,1
65175,6,1
65176,10,1
65177,3,2
65178,5,2
65179,8,1
65180,4,2
65181,5,2
65182,5,2
65183,5,2
65184,2,2
65185,6,1
65186,7,1
65187,6,1
65188,8,1
65189,1,2
65190,3,1
65191,4,2
65192,7,1
65193,3,2
65194,5,2
65195,12,1
65196,10,1
65197,5,2
65198,5,1
65199,7,1
65200,12,1
65201,9,1
65202,4,2
65203,12,1
65204,7,2
65205,11,1
65206,7,1
65207,6,1
65208,8,1
65209,7,1
65210,5,1
65211,7,1
65212,4,1
65213,6,1
65214,6,1
65215,8,1
65216,4,2
65217,5,2
65218,3,2
65219,10,2
65220,5,1
65221,5,1
65222,7,1
65223,4,3
65224,5,1
65225,5,2
65226,6,1
65227,4,2
65228,10,1
65229,8,1
65230,5,2
65231,5,2
65232,5,2
65233,7,1
65234,6,1
65235,6,1
65236,4,1
65237,8,1
65238,4,2
65239,3,2
65240,8,1
65241,6,1
65242,3,2
65243,7,2
65244,7,1
65245,8,1
65246,5,2
65247,2,2
65248,5,2
65249,7,3
65250,4,2
65251,5,2
65252,3,2
65253,6,1
65254,8,2
65255,3,1
65256,8,1
65257,6,1
65258,7,1
65259,5,2
65260,10,1
65261,4,2
65262,4,2
65263,7,1
65264,5,2
65265,4,2
65266,6,1
65267,6,1
65268,2,2
65269,4,2
65270,4,2
65271,6,2
65272,4,2
65273,3,2
65274,6,2
65275,7,1
65276,4,2
65277,6,1
65278,6,1
65279,4,2
65280,5,1
65281,4,2
65282,5,1
65283,6,2
65284,4,2
65285,6,1
65286,9,1
65287,5,2
65288,5,1
65289,7,1
65290,5,2
65291,3,1
65292,5,1
65293,6,2
65294,7,2
65295,5,2
65296,7,1
65297,2,2
65298,13,1
65299,4,2
65300,7,1
65301,6,1
65302,9,1
65303,4,2
65304,4,2
65305,6,1
65306,6,2
65307,8,1
65308,4,2
65309,5,1
65310,6,2
65311,6,1
65312,5,2
65313,5,2
65314,7,1
65315,8,1
65316,6,1
65317,7,1
65318,8,1
65319,8,1
65320,1,2
65321,9,1
65322,4,2
65323,6,1
65324,6,2
65325,10,1
65326,6,2
65327,5,1
65328,3,2
65329,7,1
65330,8,1
65331,4,2
65332,4,2
65333,5,1
65334,3,2
65335,6,1
65336,7,2
65337,3,1
65338,5,2
65339,3,2
65340,7,1
65341,5,1
65342,4,2
65343,8,1
65344,7,1
65345,5,2
65346,7,1
65347,6,1
65348,7,1
65349,4,2
65350,2,2
65351,3,2
65352,5,2
65353,6,1
65354,11,1
65355,9,2
65356,9,1
65357,3,2
65358,7,1
65359,8,1
65360,,
65361,4,2
65362,3,2
65363,7,2
65364,3,2
65365,9,1
65366,4,2
65367,4,2
65368,5,2
65369,6,1
65370,3,2
65371,4,2
65372,3,2
65373,8,1
65374,5,1
65375,4,1
65376,4,1
65377,5,1
65378,8,1
65379,6,1
65380,8,1
65381,5,2
65382,4,2
65383,4,2
65384,10,1
65385,7,1
65386,6,1
65387,8,2
65388,4,1
65389,5,2
65390,5,1
65391,5,1
65392,5,2
65393,5,2
65394,4,1
65395,3,2
65396,5,2
65397,5,1
65398,10,1
65399,6,1
65400,7,2
65401,3,2
65402,3,1
65403,5,2
65404,2,2
65405,7,1
65406,3,2
65407,7,1
65408,4,2
65409,5,2
65410,10,1
65411,6,1
65412,8,1
65413,6,1
65414,9,1
65415,7,2
65416,4,2
65417,5,2
65418,6,2
65419,4,2
65420,4,2
65421,4,1
65422,5,2
65423,5,1
65424,9,1
65425,5,1
65426,5,2
65427,6,1
65428,6,1
65429,6,2
65430,3,1
65431,3,2
65432,3,2
65433,7,1
65434,5,2
65435,8,2
65436,4,2
65437,7,1
65438,6,1
65439,4,2
65440,5,1
65441,8,2
65442,4,3
65443,4,2
65444,6,1
65445,6,2
65446,3,2
65447,1,2
65448,7,1
65449,6,1
65450,5,2
65451,7,1
65452,4,2
65453,5,1
65454,5,1
65455,6,1
65456,6,1
65457,6,1
65458,10,1
65459,4,2
65460,6,1
65461,6,1
65462,8,1
65463,5,2
65464,4,2
65465,9,1
65466,5,3
65467,6,1
65468,3,2
65469,777,1
65470,4,2
65471,3,2
65472,4,2
65473,4,1
65474,7,1
65475,9,1
65476,4,2
65477,4,2
65478,7,1
65479,8,1
65480,7,2
65481,3,2
65482,5,1
65483,4,2
65484,6,1
65485,7,1
65486,9,1
65487,7,1
65488,2,2
65489,9,3
65490,4,2
65491,5,2
65492,7,1
65493,8,1
65494,7,1
65495,6,1
65496,6,1
65497,4,2
65498,4,2
65499,4,2
65500,5,1
65501,6,2
65502,6,2
65503,4,2
65504,5,2
65505,7,1
65506,3,2
65507,5,1
65508,6,1
65509,8,1
65510,6,1
65511,5,1
65512,4,2
65513,8,1
65514,7,1
65515,5,2
65516,3,1
65517,4,2
65518,4,2
65519,4,2
65520,4,2
65521,4,1
65522,3,2
65523,4,1
65524,6,2
65525,7,1
65526,5,1
65527,6,1
65528,3,2
65529,4,2
65530,3,2
65531,6,1
65532,4,2
65533,4,2
65534,13,1
65535,7,1
65536,4,1
65537,10,3
65538,6,1
65539,6,1
65540,10,1
65541,6,2
65542,9,1
65543,6,1
65544,4,2
65545,4,2
65546,6,1
65547,3,2
65548,6,1
65549,5,2
65550,6,2
65551,6,2
65552,9,1
65553,3,3
65554,6,1
65555,6,1
65556,5,2
65557,2,2
65558,4,2
65559,5,2
65560,2,2
65561,4,1
65562,7,2
65563,8,1
65564,7,2
65565,6,1
65566,6,1
65567,5,1
65568,5,1
65569,3,2
65570,5,2
65571,4,2
65572,5,1
65573,6,1
65574,6,2
65575,4,2
65576,4,2
65577,6,1
65578,7,1
65579,9,1
65580,3,2
65581,4,2
65582,8,1
65583,6,2
65584,5,2
65585,6,1
65586,8,2
65587,5,1
65588,6,1
65589,6,3
65590,6,1
65591,4,1
65592,7,1
65593,8,1
65594,5,2
65595,7,1
65596,8,1
65597,1,2
65598,4,1
65599,5,1
65600,11,1
65601,6,2
65602,4,3
65603,2,2
65604,11,1
65605,6,1
65606,10,1
65607,4,2
65608,5,1
65609,5,2
65610,4,2
65611,4,2
65612,9,1
65613,6,1
65614,4,2
65615,7,1
65616,6,1
65617,4,2
65618,3,1
65619,7,1
65620,3,2
65621,7,1
65622,8,1
65623,9,3
65624,6,2
65625,3,2
65626,8,2
65627,7,3
65628,3,2
65629,2,2
65630,7,1
65631,3,2
65632,4,1
65633,7,3
65634,13,1
65635,5,2
65636,8,1
65637,3,2
65638,4,2
65639,9,1
65640,5,1
65641,6,2
65642,5,1
65643,6,1
65644,4,3
65645,11,1
65646,5,1
65647,6,2
65648,5,2
65649,5,1
65650,7,1
65651,8,1
65652,10,2
65653,4,2
65654,7,1
65655,5,1
65656,8,2
65657,6,3
65658,6,1
65659,3,2
65660,3,2
65661,4,2
65662,3,2
65663,5,2
65664,8,1
65665,4,2
65666,6,2
65667,6,2
65668,9,1
65669,6,1
65670,4,2
65671,3,2
65672,3,2
65673,5,2
65674,7,1
65675,6,1
65676,8,3
65677,5,2
65678,6,2
65679,6,1
65680,5,1
65681,4,1
65682,9,1
65683,5,1
65684,3,2
65685,8,1
65686,5,2
65687,7,2
65688,8,1
65689,3,2
65690,13,1
65691,5,1
65692,8,1
65693,10,1
65694,3,1
65695,5,2
65696,4,2
65697,6,2
65698,3,2
65699,7,1
65700,4,2
65701,7,1
65702,7,1
65703,5,2
65704,7,1
65705,3,2
65706,4,3
65707,7,1
65708,3,2
65709,11,1
65710,7,1
65711,6,1
65712,3,2
65713,3,2
65714,7,1
65715,10,1
65716,5,2
65717,4,1
65718,6,1
65719,1,2
65720,4,2
65721,5,2
65722,3,2
65723,6,1
65724,5,2
65725,12,1
65726,4,2
65727,7,2
65728,5,2
65729,6,2
65730,6,1
65731,5,1
65732,5,1
65733,3,2
65734,8,1
65735,5,1
65736,4,2
65737,6,1
65738,5,1
65739,4,1
65740,4,1
65741,6,1
65742,9,2
65743,8,1
65744,6,1
65745,11,1
65746,3,2
65747,4,2
65748,6,2
65749,5,2
65750,12,1
65751,6,1
65752,2,2
65753,5,1
65754,4,2
65755,,
65756,7,1
65757,6,1
65758,4,2
65759,10,1
65760,7,1
65761,5,2
65762,3,2
65763,5,1
65764,5,1
65765,5,1
65766,2,2
65767,7,1
65768,5,1
65769,5,1
65770,7,1
65771,4,2
65772,6,1
65773,7,1
65774,2,2
65775,4,2
65776,4,3
65777,12,1
65778,7,1
65779,13,1
65780,10,1
65781,6,3
65782,9,1
65783,7,1
65784,10,1
65785,5,2
65786,9,1
65787,4,1
65788,5,1
65789,4,2
65790,3,2
65791,10,1
65792,4,2
65793,7,1
65794,6,1
65795,4,2
65796,3,2
65797,5,1
65798,4,2
65799,9,1
65800,7,1
65801,6,2
65802,5,2
65803,5,1
65804,7,1
65805,6,2
65806,6,2
65807,6,1
65808,8,1
65809,5,1
65810,4,2
65811,5,2
65812,3,2
65813,5,1
65814,6,1
65815,5,1
65816,4,2
65817,11,1
65818,5,1
65819,4,1
65820,3,2
65821,8,1
65822,11,1
65823,4,1
65824,4,1
65825,8,2
65826,4,2
65827,11,1
65828,4,2
65829,5,1
65830,5,2
65831,5,2
65832,6,1
65833,1,2
65834,8,1
65835,6,1
65836,8,1
65837,5,2
65838,10,1
65839,9,1
65840,6,1
65841,6,1
65842,7,1
65843,5,1
65844,5,2
65845,4,2
65846,8,1
65847,3,2
65848,8,1
65849,9,1
65850,6,1
65851,3,2
65852,3,2
65853,9,1
65854,5,1
65855,6,1
65856,4,1
65857,8,1
65858,5,2
65859,8,1
65860,5,2
65861,6,1
65862,3,2
65863,3,2
65864,5,1
65865,6,1
65866,5,2
65867,5,2
65868,10,3
65869,7,1
65870,5,2
65871,6,1
65872,5,1
65873,5,2
65874,9,1
65875,7,1
65876,6,2
65877,3,2
65878,5,1
65879,6,1
65880,2,2
65881,4,2
65882,5,2
65883,3,2
65884,6,1
65885,6,1
65886,6,2
65887,5,2
65888,5,1
65889,7,1
65890,6,2
65891,3,2
65892,5,2
65893,7,1
65894,3,2
65895,8,2
65896,6,1
65897,9,2
65898,6,2
65899,13,1
65900,7,1
65901,3,2
65902,7,1
65903,4,2
65904,10,1
65905,7,1
65906,3,1
65907,4,2
65908,7,1
65909,3,2
65910,6,1
65911,5,2
65912,6,2
65913,6,1
65914,3,2
65915,4,2
65916,8,1
65917,5,2
65918,4,2
65919,5,1
65920,8,1
65921,9,1
65922,6,2
65923,4,1
65924,5,3
65925,7,2
65926,4,2
65927,7,1
65928,5,2
65929,5,2
65930,6,1
65931,5,2
65932,7,1
65933,7,1
65934,8,1
65935,5,2
65936,9,1
65937,5,2
65938,3,2
65939,4,2
65940,9,1
65941,10,1
65942,8,9
65943,7,2
65944,4,2
65945,3,2
65946,3,2
65947,4,3
65948,6,2
65949,5,1
65950,5,2
65951,10,1
65952,6,1
65953,5,1
65954,6,1
65955,7,1
65956,5,1
65957,7,1
65958,6,2
65959,3,2
65960,5,1
65961,8,1
65962,4,2
65963,,
65964,7,2
65965,3,2
65966,5,2
65967,6,1
65968,7,1
65969,7,1
65970,6,1
65971,4,1
65972,5,1
65973,4,2
65974,8,1
65975,4,2
65976,2,2
65977,6,1
65978,5,1
65979,7,1
65980,9,1
65981,5,1
65982,6,1
65983,8,2
65984,6,1
65985,7,1
65986,10,1
65987,6,1
65988,5,2
65989,3,2
65990,6,1
65991,6,2
65992,7,1
65993,4,1
65994,5,2
65995,3,2
65996,4,2
65997,6,1
65998,3,2
65999,7,1
66000,3,2
66001,13,1
66002,4,2
66003,3,2
66004,5,1
66005,4,2
66006,7,1
66007,7,1
66008,8,1
66009,5,2
66010,5,1
66011,6,1
66012,6,2
66013,5,2
66014,5,2
66015,4,1
66016,5,2
66017,9,1
66018,6,1
66019,6,1
66020,4,1
66021,2,1
66022,4,2
66023,6,2
66024,6,1
66025,4,2
66026,3,1
66027,5,2
66028,5,2
66029,8,1
66030,6,2
66031,5,1
66032,5,2
66033,3,1
66034,8,2
66035,6,2
66036,8,1
66037,8,1
66038,7,3
66039,6,2
66040,2,2
66041,7,1
66042,4,2
66043,13,1
66044,6,1
66045,8,2
66046,6,1
66047,6,2
66048,6,2
66049,5,2
66050,2,2
66051,8,2
66052,7,2
66053,11,1
66054,7,2
66055,5,2
66056,10,1
66057,5,2
66058,8,1
66059,13,1
66060,4,2
66061,5,2
66062,4,2
66063,4,2
66064,4,2
66065,8,1
66066,6,1
66067,8,2
66068,6,2
66069,5,2
66070,4,2
66071,4,2
66072,,
66073,9,1
66074,7,1
66075,6,1
66076,7,1
66077,9,1
66078,4,2
66079,4,2
66080,3,2
66081,10,1
66082,8,1
66083,5,1
66084,5,2
66085,5,2
66086,3,3
66087,7,2
66088,5,2
66089,4,1
66090,5,2
66091,6,2
66092,8,1
66093,4,2
66094,4,2
66095,6,1
66096,6,1
66097,4,2
66098,4,1
66099,7,1
66100,5,2
66101,5,2
66102,5,2
66103,11,1
66104,5,1
66105,11,1
66106,4,2
66107,9,1
66108,7,2
66109,5,2
66110,8,1
66111,9,1
66112,4,2
66113,10,1
66114,4,1
66115,7,1
66116,5,1
66117,8,1
66118,3,2
66119,7,1
66120,4,2
66121,8,1
66122,6,2
66123,4,2
66124,6,1
66125,8,1
66126,7,1
66127,4,2
66128,7,1
66129,8,1
66130,6,1
66131,3,2
66132,7,2
66133,6,2
66134,4,2
66135,5,2
66136,3,2
66137,10,1
66138,7,1
66139,7,1
66140,6,1
66141,8,1
66142,5,2
66143,5,1
66144,5,2
66145,4,2
66146,5,1
66147,4,2
66148,4,2
66149,8,1
66150,8,1
66151,3,2
66152,6,1
66153,5,1
66154,4,1
66155,9,1
66156,8,2
66157,6,1
66158,5,1
66159,5,2
66160,5,1
66161,3,1
66162,5,2
66163,4,1
66164,6,2
66165,4,2
66166,5,2
66167,4,1
66168,3,2
66169,6,1
66170,2,2
66171,3,1
66172,8,2
66173,6,1
66174,5,2
66175,6,1
66176,8,1
66177,7,1
66178,4,1
66179,7,2
66180,4,2
66181,9,1
66182,6,2
66183,5,2
66184,6,1
66185,5,2
66186,3,2
66187,6,2
66188,4,2
66189,8,1
66190,7,2
66191,4,2
66192,7,1
66193,3,2
66194,6,1
66195,4,2
66196,5,2
66197,4,1
66198,4,1
66199,5,2
66200,3,2
66201,5,1
66202,3,2
66203,9,1
66204,7,1
66205,4,2
66206,5,2
66207,3,2
66208,9,1
66209,6,2
66210,6,1
66211,9,1
66212,4,2
66213,6,1
66214,4,1
66215,5,2
66216,6,1
66217,6,3
66218,2,3
66219,6,1
66220,5,1
66221,2,2
66222,5,2
66223,7,2
66224,5,1
66225,7,1
66226,4,2
66227,4,3
66228,5,2
66229,7,1
66230,4,1
66231,6,1
66232,9,1
66233,3,2
66234,5,2
66235,4,2
66236,5,1
66237,3,2
66238,5,1
66239,11,1
66240,5,2
66241,3,2
66242,5,2
66243,6,1
66244,4,2
66245,7,2
66246,,
66247,5,1
66248,4,2
66249,3,2
66250,5,1
66251,3,2
66252,5,2
66253,6,1
66254,4,1
66255,3,2
66256,5,2
66257,10,2
66258,5,1
66259,6,1
66260,3,2
66261,1,2
66262,6,1
66263,4,2
66264,5,1
66265,5,2
66266,5,1
66267,6,2
66268,8,1
66269,7,1
66270,3,2
66271,6,1
66272,3,2
66273,5,2
66274,5,2
66275,4,2
66276,7,1
66277,5,3
66278,4,2
66279,3,2
66280,6,1
66281,5,2
66282,7,1
66283,6,3
66284,4,2
66285,11,1
66286,4,2
66287,10,1
66288,7,1
66289,5,1
66290,7,1
66291,7,1
66292,6,2
66293,3,2
66294,8,1
66295,4,2
66296,3,2
66297,6,1
66298,4,1
66299,4,2
66300,5,3
66301,4,2
66302,6,1
66303,5,2
66304,6,1
66305,10,1
66306,7,1
66307,7,1
66308,5,2
66309,4,2
66310,4,3
66311,3,2
66312,6,1
66313,3,2
66314,13,2
66315,4,2
66316,5,1
66317,9,1
66318,5,2
66319,8,1
66320,6,2
66321,5,1
66322,4,1
66323,3,1
66324,4,3
66325,6,1
66326,5,2
66327,5,2
66328,11,1
66329,4,2
66330,3,2
66331,3,2
66332,4,2
66333,4,1
66334,5,2
66335,9,1
66336,5,1
66337,5,1
66338,8,2
66339,5,1
66340,6,1
66341,7,1
66342,5,2
66343,5,2
66344,3,1
66345,4,2
66346,9,1
66347,5,1
66348,10,1
66349,5,1
66350,5,2
66351,9,1
66352,3,2
66353,7,1
66354,5,2
66355,4,1
66356,3,2
66357,4,2
66358,8,1
66359,8,1
66360,5,1
66361,8,2
66362,4,2
66363,8,1
66364,7,2
66365,7,1
66366,3,2
66367,6,2
66368,5,2
66369,6,2
66370,5,1
66371,5,1
66372,2,2
66373,4,2
66374,5,1
66375,6,1
66376,6,1
66377,4,2
66378,5,1
66379,3,2
66380,6,1
66381,2,3
66382,5,2
66383,10,3
66384,6,1
66385,5,1
66386,5,2
66387,6,2
66388,4,2
66389,6,1
66390,3,2
66391,4,2
66392,5,1
66393,6,1
66394,5,2
66395,4,3
66396,4,2
66397,6,2
66398,5,1
66399,5,1
66400,5,2
66401,3,2
66402,6,1
66403,4,1
66404,10,1
66405,9,2
66406,10,1
66407,3,2
66408,6,1
66409,7,1
66410,5,2
66411,10,1
66412,6,2
66413,9,1
66414,6,1
66415,,
66416,6,1
66417,5,2
66418,6,1
66419,6,1
66420,10,1
66421,10,1
66422,4,2
66423,5,1
66424,5,2
66425,5,1
66426,7,1
66427,9,1
66428,5,1
66429,2,2
66430,4,2
66431,4,2
66432,6,2
66433,7,2
66434,5,2
66435,4,2
66436,4,2
66437,4,2
66438,7,1
66439,6,1
66440,6,1
66441,4,2
66442,8,1
66443,4,2
66444,8,1
66445,6,2
66446,8,2
66447,5,2
66448,4,1
66449,3,2
66450,5,2
66451,5,1
66452,5,2
66453,10,3
66454,7,1
66455,7,1
66456,11,1
66457,3,2
66458,5,2
66459,3,2
66460,4,1
66461,3,2
66462,5,1
66463,,
66464,3,2
66465,5,2
66466,5,2
66467,8,2
66468,5,2
66469,2,1
66470,4,2
66471,7,2
66472,8,1
66473,6,1
66474,5,1
66475,7,1
66476,6,1
66477,3,2
66478,5,2
66479,4,1
66480,7,1
66481,4,2
66482,6,1
66483,4,2
66484,6,1
66485,6,1
66486,6,2
66487,5,2
66488,9,1
66489,4,1
66490,4,2
66491,4,2
66492,5,2
66493,5,2
66494,6,2
66495,6,1
66496,4,2
66497,3,2
66498,6,1
66499,1,2
66500,4,2
66501,4,2
66502,1,2
66503,11,1
66504,4,2
66505,4,2
66506,2,2
66507,7,1
66508,5,1
66509,12,1
66510,6,1
66511,12,2
66512,4,2
66513,5,1
66514,5,2
66515,6,1
66516,7,2
66517,9,1
66518,4,2
66519,6,2
66520,5,1
66521,4,1
66522,9,1
66523,6,1
66524,8,2
66525,4,1
66526,4,2
66527,11,1
66528,6,2
66529,4,2
66530,7,2
66531,9,1
66532,7,1
66533,5,1
66534,6,2
66535,3,2
66536,4,1
66537,6,1
66538,9,1
66539,5,2
66540,4,2
66541,6,1
66542,7,1
66543,7,1
66544,5,1
66545,5,2
66546,4,2
66547,10,1
66548,8,2
66549,4,2
66550,4,1
66551,5,2
66552,2,2
66553,6,1
66554,8,1
66555,4,2
66556,7,1
66557,9,1
66558,9,1
66559,7,1
66560,6,1
66561,4,2
66562,3,1
66563,10,1
66564,11,1
66565,6,1
66566,8,1
66567,4,2
66568,8,1
66569,4,1
66570,3,2
66571,11,1
66572,6,1
66573,3,2
66574,8,1
66575,8,1
66576,9,2
66577,3,2
66578,6,1
66579,5,2
66580,4,2
66581,7,1
66582,5,1
66583,7,1
66584,5,1
66585,5,2
66586,2,2
66587,8,1
66588,5,2
66589,3,2
66590,6,1
66591,11,1
66592,11,1
66593,5,1
66594,7,1
66595,4,2
66596,7,1
66597,3,2
66598,8,1
66599,6,1
66600,9,1
66601,4,2
66602,11,1
66603,6,1
66604,7,2
66605,8,1
66606,6,1
66607,5,1
66608,4,2
66609,10,3
66610,3,2
66611,6,2
66612,1,2
66613,10,1
66614,5,1
66615,7,2
66616,5,2
66617,7,2
66618,5,1
66619,6,1
66620,7,1
66621,11,1
66622,4,2
66623,5,2
66624,4,2
66625,4,2
66626,4,1
66627,5,2
66628,4,2
66629,4,2
66630,5,1
66631,4,1
66632,6,1
66633,7,1
66634,10,1
66635,2,1
66636,5,1
66637,4,1
66638,7,2
66639,2,2
66640,5,2
66641,9,1
66642,4,1
66643,6,1
66644,6,1
66645,3,2
66646,8,1
66647,1,3
66648,2,2
66649,6,2
66650,5,1
66651,7,1
66652,5,1
66653,5,2
66654,5,1
66655,4,1
66656,2,2
66657,5,1
66658,10,1
66659,9,1
66660,5,1
66661,8,1
66662,3,2
66663,8,1
66664,4,2
66665,3,2
66666,3,2
66667,7,2
66668,12,1
66669,10,1
66670,3,2
66671,8,1
66672,6,1
66673,7,1
66674,3,2
66675,9,1
66676,6,1
66677,6,1
66678,1,2
66679,8,1
66680,8,3
66681,4,2
66682,4,2
66683,6,1
66684,11,1
66685,3,2
66686,7,1
66687,3,1
66688,5,3
66689,8,1
66690,4,1
66691,6,2
66692,7,1
66693,9,1
66694,6,1
66695,5,1
66696,9,1
66697,7,1
66698,10,1
66699,5,1
66700,6,2
66701,5,1
66702,5,2
66703,5,1
66704,4,2
66705,4,2
66706,8,1
66707,7,1
66708,10,1
66709,5,1
66710,4,2
66711,6,3
66712,5,2
66713,7,1
66714,6,1
66715,7,1
66716,4,2
66717,3,2
66718,6,1
66719,6,1
66720,8,1
66721,6,1
66722,7,1
66723,7,1
66724,9,1
66725,6,1
66726,4,2
66727,8,1
66728,2,2
66729,9,1
66730,9,1
66731,5,2
66732,9,1
66733,9,1
66734,5,1
66735,5,2
66736,6,1
66737,6,1
66738,7,1
66739,8,1
66740,7,2
66741,5,1
66742,5,1
66743,3,3
66744,4,2
66745,7,2
66746,6,1
66747,7,1
66748,2,2
66749,5,2
66750,4,2
66751,7,1
66752,7,1
66753,8,1
66754,7,1
66755,4,2
66756,5,1
66757,4,1
66758,6,1
66759,6,1
66760,5,1
66761,6,1
66762,11,1
66763,11,1
66764,4,2
66765,5,1
66766,8,1
66767,4,2
66768,4,2
66769,4,2
66770,4,2
66771,3,2
66772,11,1
66773,777,7
66774,4,2
66775,5,2
66776,4,2
66777,5,2
66778,8,1
66779,3,1
66780,5,2
66781,3,1
66782,8,2
66783,5,1
66784,6,2
66785,9,1
66786,5,1
66787,3,2
66788,8,1
66789,7,1
66790,4,2
66791,4,2
66792,4,2
66793,11,1
66794,6,1
66795,4,2
66796,6,2
66797,5,1
66798,5,2
66799,3,2
66800,7,1
66801,10,1
66802,5,2
66803,5,2
66804,6,1
66805,3,2
66806,3,1
66807,4,1
66808,6,2
66809,6,1
66810,6,2
66811,7,2
66812,4,2
66813,5,1
66814,5,2
66815,6,1
66816,5,2
66817,6,1
66818,6,1
66819,3,2
66820,5,2
66821,9,1
66822,3,2
66823,10,1
66824,7,1
66825,5,2
66826,11,1
66827,6,1
66828,7,1
66829,4,1
66830,5,2
66831,6,2
66832,7,1
66833,4,2
66834,13,1
66835,4,2
66836,4,2
66837,4,2
66838,8,1
66839,6,2
66840,8,1
66841,4,2
66842,6,1
66843,7,2
66844,7,2
66845,9,2
66846,5,1
66847,7,1
66848,10,1
66849,8,1
66850,5,2
66851,8,1
66852,4,2
66853,5,2
66854,4,2
66855,5,2
66856,6,2
66857,8,1
66858,5,1
66859,5,1
66860,1,2
66861,7,2
66862,8,2
66863,7,1
66864,3,2
66865,6,1
66866,4,2
66867,6,1
66868,8,1
66869,9,1
66870,9,1
66871,8,2
66872,7,1
66873,6,1
66874,6,2
66875,4,2
66876,10,1
66877,4,1
66878,6,2
66879,10,1
66880,3,2
66881,8,1
66882,7,1
66883,6,1
66884,5,1
66885,5,1
66886,6,2
66887,5,1
66888,3,2
66889,4,3
66890,6,2
66891,11,1
66892,4,2
66893,6,1
66894,4,2
66895,5,1
66896,5,1
66897,5,1
66898,7,2
66899,3,2
66900,5,2
66901,5,1
66902,4,2
66903,8,3
66904,5,2
66905,3,2
66906,4,2
66907,4,2
66908,4,2
66909,2,2
66910,4,2
66911,5,2
66912,6,1
66913,8,1
66914,5,2
66915,4,2
66916,6,1
66917,6,2
66918,11,1
66919,6,1
66920,5,1
66921,5,2
66922,11,1
66923,12,1
66924,6,1
66925,4,2
66926,7,1
66927,1,2
66928,5,1
66929,10,1
66930,9,2
66931,13,1
66932,5,1
66933,4,2
66934,11,1
66935,7,1
66936,4,2
66937,5,2
66938,7,1
66939,4,2
66940,5,1
66941,4,2
66942,6,2
66943,6,1
66944,10,1
66945,7,1
66946,4,2
66947,8,1
66948,6,1
66949,6,1
66950,4,2
66951,6,2
66952,3,2
66953,4,2
66954,7,2
66955,7,1
66956,5,2
66957,9,1
66958,5,1
66959,4,2
66960,3,1
66961,6,3
66962,3,2
66963,10,1
66964,7,1
66965,5,2
66966,4,2
66967,2,2
66968,6,1
66969,5,1
66970,7,2
66971,7,1
66972,4,2
66973,6,1
66974,6,1
66975,7,1
66976,4,2
66977,6,2
66978,6,1
66979,7,1
66980,3,2
66981,6,2
66982,10,1
66983,5,2
66984,8,1
66985,5,1
66986,4,3
66987,8,1
66988,6,1
66989,4,3
66990,7,1
66991,7,2
66992,5,2
66993,2,2
66994,5,1
66995,2,2
66996,7,1
66997,5,1
66998,5,2
66999,5,2
67000,13,1
67001,8,1
67002,3,2
67003,6,1
67004,3,2
67005,6,2
67006,6,2
67007,5,1
67008,7,2
67009,5,2
67010,4,2
67011,2,2
67012,10,1
67013,6,2
67014,5,1
67015,6,1
67016,7,1
67017,10,1
67018,6,2
67019,8,1
67020,8,1
67021,11,1
67022,7,2
67023,9,1
67024,8,1
67025,4,2
67026,6,1
67027,4,1
67028,5,1
67029,4,2
67030,3,2
67031,7,2
67032,3,2
67033,5,2
67034,8,1
67035,5,1
67036,4,2
67037,5,1
67038,6,1
67039,3,2
67040,4,2
67041,5,2
67042,4,1
67043,5,1
67044,9,1
67045,7,2
67046,4,2
67047,4,2
67048,7,1
67049,2,2
67050,5,2
67051,9,1
67052,5,3
67053,5,2
67054,7,1
67055,7,1
67056,11,1
67057,4,2
67058,10,1
67059,4,2
67060,9,2
67061,7,2
67062,5,2
67063,9,1
67064,10,1
67065,2,2
67066,7,1
67067,5,2
67068,2,2
67069,9,1
67070,6,2
67071,7,1
67072,8,1
67073,4,2
67074,6,1
67075,9,1
67076,6,2
67077,13,1
67078,7,1
67079,8,1
67080,5,2
67081,5,2
67082,6,2
67083,9,1
67084,6,1
67085,7,1
67086,3,2
67087,7,1
67088,6,1
67089,5,2
67090,3,2
67091,4,2
67092,4,1
67093,3,1
67094,6,1
67095,6,2
67096,6,2
67097,7,1
67098,3,2
67099,3,2
67100,4,2
67101,4,2
67102,6,1
67103,4,2
67104,6,2
67105,2,2
67106,5,2
67107,4,2
67108,4,2
67109,7,1
67110,2,2
67111,5,2
67112,8,1
67113,4,2
67114,9,1
67115,4,2
67116,4,2
67117,7,1
67118,5,2
67119,6,1
67120,3,2
67121,4,2
67122,4,2
67123,3,2
67124,3,2
67125,4,2
67126,7,3
67127,10,1
67128,2,2
67129,10,1
67130,11,1
67131,4,2
67132,7,2
67133,8,2
67134,3,1
67135,8,1
67136,5,2
67137,4,1
67138,9,1
67139,4,2
67140,5,2
67141,7,1
67142,4,2
67143,4,2
67144,13,1
67145,5,2
67146,7,1
67147,8,2
67148,4,2
67149,6,1
67150,4,2
67151,4,2
67152,3,2
67153,4,2
67154,8,1
67155,7,1
67156,7,1
67157,5,2
67158,3,2
67159,4,1
67160,6,1
67161,5,1
67162,3,2
67163,4,2
67164,9,1
67165,4,2
67166,3,2
67167,3,2
67168,4,2
67169,6,1
67170,6,2
67171,6,2
67172,7,1
67173,2,3
67174,4,2
67175,6,1
67176,4,2
67177,5,1
67178,4,1
67179,2,2
67180,6,1
67181,5,2
67182,8,1
67183,8,1
67184,4,1
67185,4,1
67186,5,1
67187,5,1
67188,5,2
67189,4,2
67190,8,1
67191,6,2
67192,5,1
67193,6,2
67194,13,1
67195,8,1
67196,6,2
67197,6,1
67198,7,1
67199,5,1
67200,4,2
67201,8,2
67202,13,1
67203,3,2
67204,6,1
67205,7,1
67206,5,2
67207,6,2
67208,6,1
67209,6,1
67210,4,2
67211,5,2
67212,11,1
67213,4,2
67214,7,1
67215,6,2
67216,4,2
67217,1,2
67218,8,1
67219,5,2
67220,5,2
67221,7,1
67222,7,1
67223,6,1
67224,3,2
67225,3,2
67226,4,1
67227,5,2
67228,4,2
67229,11,1
67230,9,1
67231,6,2
67232,7,1
67233,6,2
67234,8,1
67235,5,2
67236,3,2
67237,6,1
67238,10,1
67239,7,2
67240,6,1
67241,6,1
67242,6,2
67243,9,1
67244,7,2
67245,2,2
67246,8,1
67247,8,1
67248,5,2
67249,5,1
67250,4,3
67251,7,1
67252,2,2
67253,6,1
67254,4,2
67255,6,1
67256,5,1
67257,10,1
67258,6,1
67259,7,1
67260,5,1
67261,3,3
67262,4,2
67263,8,2
67264,5,1
67265,3,2
67266,5,1
67267,8,1
67268,4,2
67269,8,1
67270,6,1
67271,8,2
67272,6,2
67273,2,1
67274,6,1
67275,4,1
67276,4,2
67277,6,1
67278,4,2
67279,5,2
67280,3,2
67281,4,2
67282,5,1
67283,5,1
67284,4,2
67285,6,1
67286,12,1
67287,10,1
67288,5,1
67289,9,1
67290,13,1
67291,5,1
67292,7,1
67293,10,1
67294,4,1
67295,4,2
67296,6,2
67297,6,2
67298,6,2
67299,4,2
67300,5,1
67301,4,2
67302,7,1
67303,10,1
67304,6,2
67305,6,3
67306,8,2
67307,4,2
67308,4,2
67309,5,1
67310,4,2
67311,6,1
67312,6,1
67313,4,1
67314,4,1
67315,4,2
67316,5,1
67317,7,1
67318,2,2
67319,4,2
67320,4,2
67321,5,1
67322,,
67323,2,2
67324,4,1
67325,2,2
67326,6,2
67327,6,1
67328,6,1
67329,4,1
67330,3,1
67331,8,1
67332,5,1
67333,5,1
67334,4,2
67335,10,2
67336,7,1
67337,8,1
67338,4,2
67339,7,1
67340,6,2
67341,4,1
67342,4,2
67343,6,2
67344,3,2
67345,9,2
67346,4,1
67347,6,1
67348,6,1
67349,5,3
67350,5,1
67351,4,1
67352,2,2
67353,6,1
67354,11,1
67355,5,1
67356,7,1
67357,4,2
67358,5,2
67359,9,1
67360,5,1
67361,2,2
67362,5,1
67363,4,2
67364,5,2
67365,6,1
67366,7,2
67367,5,1
67368,3,2
67369,5,2
67370,5,1
67371,6,2
67372,6,1
67373,6,2
67374,5,1
67375,5,1
67376,3,2
67377,5,2
67378,7,2
67379,6,2
67380,5,2
67381,5,2
67382,4,1
67383,4,2
67384,9,1
67385,5,2
67386,4,2
67387,4,1
67388,3,2
67389,3,2
67390,6,1
67391,8,2
67392,11,3
67393,6,1
67394,5,2
67395,6,1
67396,4,2
67397,2,2
67398,5,2
67399,3,2
67400,6,1
67401,6,2
67402,5,1
67403,5,1
67404,7,1
67405,2,2
67406,5,2
67407,9,1
67408,3,2
67409,4,2
67410,4,2
67411,4,2
67412,4,2
67413,5,1
67414,4,2
67415,,
67416,4,2
67417,8,1
67418,3,2
67419,7,2
67420,3,2
67421,6,1
67422,13,1
67423,9,1
67424,5,1
67425,8,2
67426,4,2
67427,8,1
67428,7,1
67429,4,2
67430,2,2
67431,,
67432,5,2
67433,4,2
67434,7,1
67435,3,2
67436,4,2
67437,4,2
67438,5,1
67439,5,2
67440,6,1
67441,3,1
67442,6,1
67443,5,2
67444,7,1
67445,8,1
67446,8,1
67447,5,1
67448,5,2
67449,8,1
67450,1,2
67451,6,1
67452,8,1
67453,5,1
67454,6,1
67455,7,1
67456,7,2
67457,5,2
67458,3,1
67459,4,2
67460,6,1
67461,2,1
67462,3,2
67463,7,1
67464,6,1
67465,8,1
67466,4,2
67467,13,1
67468,8,1
67469,5,1
67470,7,1
67471,5,1
67472,11,1
67473,8,1
67474,4,2
67475,3,2
67476,12,1
67477,8,1
67478,7,1
67479,5,2
67480,6,2
67481,5,1
67482,4,2
67483,4,2
67484,5,2
67485,6,2
67486,7,1
67487,4,2
67488,4,2
67489,7,1
67490,4,7
67491,5,2
67492,4,2
67493,9,1
67494,6,2
67495,6,1
67496,4,1
67497,3,2
67498,4,2
67499,9,1
67500,5,2
67501,5,1
67502,5,1
67503,5,2
67504,4,1
67505,5,1
67506,8,2
67507,4,2
67508,4,2
67509,8,1
67510,3,1
67511,4,2
67512,6,1
67513,4,2
67514,6,1
67515,5,1
67516,5,2
67517,7,2
67518,4,2
67519,4,2
67520,8,1
67521,6,1
67522,8,1
67523,2,2
67524,6,2
67525,3,1
67526,5,2
67527,4,2
67528,8,2
67529,6,1
67530,4,1
67531,5,1
67532,7,1
67533,5,2
67534,5,1
67535,6,2
67536,13,1
67537,3,2
67538,5,2
67539,7,2
67540,4,2
67541,10,1
67542,4,3
67543,4,2
67544,7,1
67545,4,2
67546,5,2
67547,11,2
67548,9,2
67549,4,2
67550,4,1
67551,3,1
67552,7,1
67553,4,2
67554,4,2
67555,4,1
67556,9,1
67557,6,2
67558,4,2
67559,7,1
67560,5,1
67561,6,2
67562,5,2
67563,6,1
67564,6,1
67565,10,1
67566,5,1
67567,8,1
67568,8,1
67569,6,2
67570,6,1
67571,5,2
67572,8,1
67573,5,1
67574,7,1
67575,4,2
67576,5,1
67577,6,1
67578,10,1
67579,4,2
67580,4,2
67581,6,2
67582,5,2
67583,6,1
67584,2,2
67585,8,1
67586,3,2
67587,6,1
67588,4,2
67589,6,1
67590,3,2
67591,4,2
67592,9,1
67593,4,1
67594,2,1
67595,8,1
67596,9,1
67597,3,1
67598,5,2
67599,4,2
67600,8,2
67601,13,1
67602,3,2
67603,7,1
67604,3,2
67605,8,1
67606,3,2
67607,5,1
67608,7,1
67609,6,2
67610,9,1
67611,7,1
67612,5,2
67613,4,2
67614,3,1
67615,6,1
67616,4,1
67617,4,2
67618,6,1
67619,7,1
67620,3,2
67621,7,1
67622,4,2
67623,4,1
67624,3,2
67625,5,1
67626,7,1
67627,8,1
67628,6,2
67629,6,1
67630,6,2
67631,7,1
67632,4,2
67633,8,1
67634,6,2
67635,2,2
67636,4,2
67637,9,1
67638,4,3
67639,3,2
67640,5,2
67641,6,2
67642,4,2
67643,9,1
67644,9,1
67645,3,2
67646,3,2
67647,6,1
67648,3,2
67649,1,2
67650,6,3
67651,9,1
67652,4,2
67653,6,1
67654,6,1
67655,8,1
67656,13,1
67657,7,1
67658,8,1
67659,11,1
67660,6,1
67661,4,1
67662,5,1
67663,7,2
67664,8,2
67665,7,1
67666,5,1
67667,5,2
67668,3,1
67669,4,2
67670,6,1
67671,6,1
67672,8,2
67673,10,1
67674,3,2
67675,4,2
67676,3,2
67677,3,2
67678,8,2
67679,5,1
67680,8,1
67681,7,1
67682,6,2
67683,6,1
67684,3,2
67685,5,2
67686,4,2
67687,5,2
67688,6,2
67689,5,2
67690,3,2
67691,5,1
67692,8,1
67693,8,1
67694,3,2
67695,5,2
67696,10,1
67697,12,1
67698,10,1
67699,5,1
67700,2,2
67701,8,1
67702,4,2
67703,6,1
67704,7,1
67705,4,7
67706,7,1
67707,5,2
67708,6,1
67709,5,2
67710,4,2
67711,6,1
67712,6,2
67713,5,1
67714,1,2
67715,5,2
67716,6,1
67717,3,1
67718,7,2
67719,5,2
67720,7,1
67721,3,2
67722,5,3
67723,4,2
67724,4,2
67725,3,2
67726,7,1
67727,7,2
67728,10,2
67729,3,2
67730,6,1
67731,10,1
67732,5,1
67733,6,1
67734,5,2
67735,4,2
67736,5,1
67737,3,2
67738,4,1
67739,6,1
67740,4,1
67741,6,2
67742,2,2
67743,4,2
67744,5,2
67745,2,2
67746,7,1
67747,5,2
67748,5,2
67749,9,1
67750,4,2
67751,8,2
67752,9,1
67753,4,2
67754,9,1
67755,10,1
67756,13,1
67757,2,2
67758,4,2
67759,4,2
67760,11,1
67761,5,2
67762,5,2
67763,11,3
67764,4,3
67765,7,2
67766,5,1
67767,7,1
67768,5,1
67769,5,1
67770,3,2
67771,6,2
67772,10,1
67773,5,1
67774,5,2
67775,5,2
67776,5,1
67777,5,1
67778,3,2
67779,4,1
67780,7,1
67781,11,3
67782,10,1
67783,8,1
67784,4,2
67785,5,2
67786,7,1
67787,5,1
67788,5,1
67789,5,2
67790,5,1
67791,3,2
67792,5,2
67793,5,1
67794,4,1
67795,4,1
67796,4,2
67797,5,2
67798,6,1
67799,7,2
67800,6,1
67801,5,1
67802,4,2
67803,4,2
67804,6,2
67805,6,2
67806,4,2
67807,8,1
67808,6,1
67809,4,2
67810,4,2
67811,7,1
67812,4,2
67813,7,1
67814,1,2
67815,6,2
67816,4,2
67817,9,3
67818,5,1
67819,6,1
67820,6,2
67821,5,2
67822,4,2
67823,4,1
67824,5,1
67825,7,2
67826,10,1
67827,8,1
67828,4,1
67829,7,1
67830,6,2
67831,7,1
67832,5,2
67833,6,1
67834,2,2
67835,5,2
67836,8,1
67837,8,3
67838,5,2
67839,7,1
67840,2,2
67841,5,1
67842,5,2
67843,5,2
67844,6,2
67845,4,2
67846,10,1
67847,4,2
67848,6,3
67849,4,2
67850,6,3
67851,9,1
67852,7,1
67853,6,1
67854,4,2
67855,5,1
67856,5,2
67857,8,1
67858,2,1
67859,4,2
67860,5,2
67861,4,2
67862,2,2
67863,9,1
67864,7,1
67865,7,1
67866,5,1
67867,4,1
67868,3,1
67869,1,2
67870,6,1
67871,6,1
67872,3,2
67873,8,1
67874,8,1
67875,8,1
67876,8,1
67877,11,1
67878,8,2
67879,7,2
67880,7,1
67881,4,1
67882,9,1
67883,4,2
67884,3,2
67885,3,2
67886,4,2
67887,8,1
67888,8,2
67889,5,1
67890,5,1
67891,3,2
67892,2,2
67893,3,2
67894,6,1
67895,4,2
67896,5,2
67897,9,1
67898,6,2
67899,4,2
67900,5,2
67901,7,1
67902,3,1
67903,3,2
67904,3,2
67905,9,1
67906,7,1
67907,5,1
67908,8,1
67909,8,1
67910,7,3
67911,6,1
67912,7,1
67913,5,1
67914,6,2
67915,3,2
67916,4,1
67917,5,2
67918,4,2
67919,3,2
67920,6,2
67921,8,1
67922,4,2
67923,6,1
67924,6,1
67925,6,1
67926,8,1
67927,3,2
67928,7,1
67929,7,1
67930,6,1
67931,4,2
67932,9,1
67933,6,1
67934,7,1
67935,9,1
67936,5,2
67937,6,1
67938,2,2
67939,7,1
67940,7,1
67941,6,2
67942,4,2
67943,10,1
67944,6,2
67945,12,1
67946,5,1
67947,3,2
67948,5,1
67949,4,2
67950,5,2
67951,7,1
67952,4,2
67953,4,2
67954,13,1
67955,8,1
67956,5,1
67957,5,1
67958,5,1
67959,6,2
67960,4,2
67961,3,2
67962,6,2
67963,7,1
67964,4,3
67965,7,1
67966,7,1
67967,7,1
67968,3,1
67969,8,1
67970,8,1
67971,4,2
67972,8,3
67973,10,1
67974,4,2
67975,4,1
67976,4,2
67977,7,1
67978,5,2
67979,6,1
67980,6,2
67981,4,1
67982,3,2
67983,5,2
67984,10,1
67985,6,1
67986,9,1
67987,5,2
67988,6,1
67989,4,2
67990,4,2
67991,3,2
67992,8,1
67993,4,2
67994,4,2
67995,7,1
67996,2,1
67997,3,1
67998,4,1
67999,4,2
68000,9,1
68001,3,2
68002,5,1
68003,6,1
68004,4,2
68005,3,2
68006,8,2
68007,3,2
68008,3,2
68009,5,1
68010,5,1
68011,8,1
68012,7,1
68013,5,1
68014,5,1
68015,5,1
68016,11,1
68017,6,2
68018,5,1
68019,10,1
68020,6,1
68021,4,2
68022,7,1
68023,2,2
68024,3,2
68025,6,2
68026,4,2
68027,5,1
68028,7,1
68029,5,3
68030,7,1
68031,6,2
68032,6,1
68033,7,1
68034,4,2
68035,4,2
68036,5,2
68037,4,1
68038,8,1
68039,6,1
68040,6,1
68041,8,1
68042,3,1
68043,6,3
68044,6,1
68045,7,2
68046,5,1
68047,6,2
68048,6,2
68049,9,1
68050,8,1
68051,7,1
68052,6,1
68053,6,1
68054,9,1
68055,4,1
68056,6,2
68057,7,1
68058,5,1
68059,4,2
68060,5,1
68061,6,1
68062,4,2
68063,3,2
68064,4,3
68065,5,2
68066,9,1
68067,5,2
68068,8,1
68069,4,2
68070,3,2
68071,5,1
68072,7,1
68073,3,2
68074,5,2
68075,8,1
68076,3,2
68077,8,1
68078,8,1
68079,5,2
68080,6,1
68081,5,1
68082,9,2
68083,4,2
68084,4,2
68085,5,1
68086,5,2
68087,5,2
68088,3,2
68089,8,1
68090,5,2
68091,4,2
68092,10,1
68093,5,1
68094,3,2
68095,11,1
68096,5,1
68097,7,2
68098,6,1
68099,3,2
68100,3,2
68101,7,1
68102,4,2
68103,5,2
68104,5,2
68105,10,1
68106,6,1
68107,7,2
68108,6,2
68109,5,1
68110,8,1
68111,6,1
68112,9,1
68113,3,2
68114,6,1
68115,5,1
68116,4,1
68117,10,1
68118,5,2
68119,4,2
68120,4,2
68121,6,1
68122,7,1
68123,4,1
68124,2,2
68125,4,2
68126,7,1
68127,6,1
68128,3,2
68129,5,1
68130,5,1
68131,8,1
68132,5,1
68133,4,2
68134,4,2
68135,7,1
68136,4,1
68137,5,2
68138,10,1
68139,13,1
68140,6,3
68141,5,1
68142,3,2
68143,4,1
68144,5,2
68145,5,2
68146,4,2
68147,2,2
68148,7,1
68149,8,2
68150,4,1
68151,2,1
68152,6,1
68153,6,2
68154,10,1
68155,5,2
68156,7,1
68157,5,1
68158,2,2
68159,6,1
68160,6,1
68161,5,1
68162,5,3
68163,5,1
68164,4,2
68165,3,2
68166,11,1
68167,3,2
68168,7,1
68169,4,2
68170,6,3
68171,4,1
68172,6,2
68173,8,1
68174,4,3
68175,7,1
68176,4,2
68177,5,1
68178,7,1
68179,4,2
68180,4,2
68181,4,1
68182,10,1
68183,3,2
68184,4,2
68185,7,1
68186,6,1
68187,7,1
68188,6,1
68189,8,1
68190,4,2
68191,6,1
68192,3,2
68193,6,1
68194,4,2
68195,5,1
68196,8,1
68197,9,1
68198,10,1
68199,7,1
68200,7,1
68201,8,2
68202,10,1
68203,6,1
68204,6,2
68205,10,2
68206,4,2
68207,6,2
68208,9,1
68209,6,1
68210,3,2
68211,5,1
68212,4,1
68213,8,1
68214,5,2
68215,6,2
68216,5,1
68217,9,1
68218,5,2
68219,4,2
68220,5,2
68221,3,2
68222,5,2
68223,5,1
68224,4,2
68225,7,1
68226,10,1
68227,5,2
68228,4,2
68229,7,1
68230,3,2
68231,8,1
68232,5,2
68233,13,1
68234,8,1
68235,4,1
68236,5,1
68237,7,1
68238,6,2
68239,9,1
68240,7,1
68241,4,2
68242,4,2
68243,5,1
68244,4,2
68245,4,2
68246,8,1
68247,6,1
68248,4,1
68249,7,1
68250,8,1
68251,5,2
68252,6,1
68253,7,2
68254,2,2
68255,5,2
68256,5,3
68257,6,1
68258,5,2
68259,10,1
68260,3,2
68261,9,1
68262,5,2
68263,7,1
68264,5,1
68265,5,1
68266,6,2
68267,6,1
68268,3,2
68269,8,1
68270,4,2
68271,3,1
68272,4,2
68273,5,1
68274,10,1
68275,7,1
68276,13,1
68277,7,1
68278,7,1
68279,6,2
68280,6,1
68281,6,2
68282,5,3
68283,6,1
68284,7,1
68285,8,1
68286,,
68287,5,2
68288,5,2
68289,5,2
68290,6,1
68291,6,1
68292,4,2
68293,6,1
68294,6,1
68295,2,2
68296,6,1
68297,3,2
68298,7,1
68299,4,2
68300,12,1
68301,1,2
68302,9,1
68303,5,2
68304,5,1
68305,9,1
68306,13,1
68307,3,2
68308,6,2
68309,7,1
68310,8,1
68311,7,1
68312,5,2
68313,6,1
68314,4,2
68315,6,1
68316,7,1
68317,4,2
68318,5,1
68319,7,1
68320,7,2
68321,10,1
68322,4,2
68323,3,2
68324,9,1
68325,5,1
68326,6,2
68327,6,1
68328,8,1
68329,3,2
68330,6,1
68331,7,1
68332,5,2
68333,7,1
68334,4,2
68335,2,2
68336,5,2
68337,6,1
68338,7,2
68339,4,1
68340,5,1
68341,7,1
68342,7,1
68343,5,1
68344,7,2
68345,5,3
68346,2,2
68347,5,1
68348,6,2
68349,4,1
68350,10,1
68351,5,2
68352,5,1
68353,10,1
68354,4,2
68355,1,3
68356,4,2
68357,5,1
68358,4,2
68359,7,2
68360,6,1
68361,7,1
68362,2,2
68363,8,1
68364,5,3
68365,3,2
68366,3,2
68367,8,1
68368,8,1
68369,5,1
68370,7,1
68371,7,2
68372,7,1
68373,6,2
68374,12,1
68375,5,2
68376,5,1
68377,3,2
68378,5,2
68379,5,2
68380,8,1
68381,5,1
68382,9,1
68383,6,1
68384,4,2
68385,4,2
68386,3,2
68387,8,1
68388,6,2
68389,6,2
68390,4,2
68391,4,2
68392,9,1
68393,5,3
68394,6,1
68395,5,2
68396,6,2
68397,7,1
68398,3,2
68399,3,2
68400,4,2
68401,3,2
68402,8,1
68403,6,2
68404,4,2
68405,7,1
68406,4,2
68407,6,1
68408,7,2
68409,5,1
68410,11,1
68411,3,3
68412,5,1
68413,6,2
68414,6,1
68415,5,2
68416,7,1
68417,3,2
68418,5,1
68419,5,1
68420,6,1
68421,7,1
68422,4,2
68423,9,1
68424,7,1
68425,5,1
68426,5,2
68427,3,3
68428,5,2
68429,4,2
68430,5,2
68431,5,2
68432,6,1
68433,7,1
68434,5,2
68435,5,2
68436,7,1
68437,5,2
68438,6,1
68439,8,1
68440,3,1
68441,6,1
68442,5,1
68443,3,2
68444,4,1
68445,5,2
68446,4,1
68447,3,2
68448,2,2
68449,3,2
68450,4,1
68451,5,1
68452,2,2
68453,7,1
68454,7,2
68455,2,2
68456,3,2
68457,5,1
68458,6,1
68459,6,1
68460,5,1
68461,8,2
68462,4,1
68463,2,1
68464,6,1
68465,2,2
68466,4,2
68467,9,1
68468,3,1
68469,7,1
68470,6,1
68471,6,1
68472,10,1
68473,4,2
68474,9,1
68475,6,1
68476,5,1
68477,5,2
68478,6,1
68479,8,1
68480,6,1
68481,9,1
68482,5,1
68483,6,1
68484,8,1
68485,8,1
68486,4,2
68487,5,2
68488,4,2
68489,5,2
68490,3,2
68491,5,1
68492,6,2
68493,3,2
68494,5,2
68495,7,1
68496,4,2
68497,6,1
68498,7,2
68499,5,1
68500,5,1
68501,6,1
68502,4,3
68503,4,2
68504,10,1
68505,9,1
68506,5,2
68507,7,1
68508,4,2
68509,5,1
68510,6,2
68511,3,2
68512,4,1
68513,10,1
68514,7,1
68515,4,2
68516,3,2
68517,3,2
68518,3,2
68519,9,1
68520,9,1
68521,8,1
68522,5,2
68523,3,2
68524,4,2
68525,4,2
68526,6,1
68527,9,1
68528,6,1
68529,9,1
68530,5,2
68531,7,1
68532,6,1
68533,6,1
68534,4,2
68535,4,2
68536,6,2
68537,8,1
68538,3,1
68539,3,3
68540,7,2
68541,6,1
68542,7,1
68543,5,1
68544,3,1
68545,10,2
68546,5,1
68547,3,2
68548,3,2
68549,5,1
68550,8,1
68551,3,2
68552,6,1
68553,7,2
68554,3,2
68555,8,1
68556,4,2
68557,6,1
68558,4,3
68559,7,1
68560,6,1
68561,11,1
68562,5,1
68563,5,1
68564,5,1
68565,8,1
68566,6,2
68567,5,2
68568,10,3
68569,6,2
68570,6,1
68571,6,2
68572,5,2
68573,4,1
68574,6,1
68575,4,1
68576,4,2
68577,4,2
68578,5,2
68579,4,1
68580,5,1
68581,6,1
68582,4,1
68583,5,2
68584,11,1
68585,5,2
68586,6,3
68587,6,2
68588,5,1
68589,7,1
68590,4,3
68591,10,1
68592,5,2
68593,7,1
68594,3,2
68595,3,2
68596,7,2
68597,5,1
68598,4,2
68599,3,2
68600,4,3
68601,4,1
68602,5,1
68603,3,2
68604,4,2
68605,3,2
68606,4,2
68607,8,1
68608,8,1
68609,6,1
68610,4,2
68611,10,1
68612,7,1
68613,6,1
68614,3,2
68615,10,1
68616,10,1
68617,6,1
68618,3,2
68619,4,1
68620,4,2
68621,7,2
68622,6,2
68623,8,1
68624,7,1
68625,7,1
68626,8,1
68627,7,1
68628,6,2
68629,7,1
68630,7,2
68631,4,2
68632,7,1
68633,5,1
68634,11,1
68635,7,1
68636,10,1
68637,6,2
68638,4,1
68639,6,1
68640,6,1
68641,6,1
68642,6,2
68643,4,2
68644,4,2
68645,5,1
68646,7,1
68647,5,2
68648,10,1
68649,4,2
68650,5,1
68651,8,1
68652,8,2
68653,6,2
68654,4,2
68655,1,2
68656,6,1
68657,6,2
68658,7,1
68659,6,1
68660,4,2
68661,7,1
68662,5,1
68663,5,2
68664,4,1
68665,5,1
68666,7,1
68667,4,1
68668,6,1
68669,7,1
68670,4,1
68671,5,2
68672,4,3
68673,5,2
68674,6,2
68675,5,1
68676,5,2
68677,3,2
68678,4,2
68679,6,2
68680,5,2
68681,4,2
68682,4,1
68683,4,2
68684,6,2
68685,8,2
68686,3,2
68687,8,1
68688,9,1
68689,5,1
68690,5,2
68691,8,1
68692,9,1
68693,8,1
68694,5,1
68695,4,2
68696,7,1
68697,4,2
68698,5,2
68699,5,2
68700,3,2
68701,3,2
68702,3,2
68703,8,1
68704,10,1
68705,4,2
68706,4,2
68707,8,1
68708,3,2
68709,5,2
68710,6,2
68711,4,1
68712,5,2
68713,4,2
68714,11,1
68715,9,1
68716,5,2
68717,10,1
68718,6,2
68719,8,1
68720,6,1
68721,4,2
68722,4,2
68723,5,1
68724,4,2
68725,5,1
68726,4,2
68727,5,1
68728,3,2
68729,5,1
68730,5,1
68731,6,2
68732,6,1
68733,6,1
68734,4,2
68735,5,2
68736,5,2
68737,5,1
68738,4,2
68739,7,1
68740,6,1
68741,4,1
68742,4,2
68743,8,1
68744,6,2
68745,4,1
68746,6,1
68747,5,1
68748,10,1
68749,4,2
68750,4,1
68751,9,1
68752,6,2
68753,8,1
68754,5,1
68755,4,3
68756,6,2
68757,8,1
68758,6,1
68759,5,2
68760,10,2
68761,3,2
68762,7,1
68763,4,2
68764,5,1
68765,2,1
68766,3,2
68767,5,1
68768,3,2
68769,9,1
68770,2,2
68771,8,1
68772,9,2
68773,10,1
68774,6,2
68775,7,1
68776,7,1
68777,5,2
68778,5,2
68779,7,2
68780,5,1
68781,6,2
68782,8,1
68783,7,1
68784,6,1
68785,4,1
68786,7,1
68787,11,1
68788,6,1
68789,7,1
68790,6,2
68791,10,1
68792,5,2
68793,6,1
68794,6,1
68795,5,2
68796,4,2
68797,2,2
68798,4,1
68799,6,1
68800,8,1
68801,3,2
68802,6,1
68803,12,1
68804,10,2
68805,10,1
68806,5,2
68807,5,1
68808,3,2
68809,3,2
68810,3,2
68811,5,1
68812,8,1
68813,5,2
68814,3,2
68815,6,1
68816,2,2
68817,11,2
68818,5,1
68819,6,1
68820,4,2
68821,6,2
68822,5,1
68823,5,2
68824,3,2
68825,7,2
68826,8,2
68827,3,2
68828,8,1
68829,4,2
68830,7,1
68831,7,1
68832,4,2
68833,3,2
68834,9,1
68835,5,2
68836,5,1
68837,6,1
68838,3,2
68839,6,1
68840,10,1
68841,5,2
68842,6,2
68843,4,2
68844,7,1
68845,3,2
68846,8,1
68847,6,1
68848,7,1
68849,4,2
68850,5,2
68851,4,1
68852,5,2
68853,5,2
68854,6,1
68855,6,1
68856,9,1
68857,11,3
68858,3,2
68859,6,1
68860,5,1
68861,3,2
68862,4,2
68863,2,2
68864,5,2
68865,6,2
68866,4,2
68867,7,1
68868,6,3
68869,11,1
68870,8,1
68871,9,1
68872,2,2
68873,5,2
68874,8,1
68875,6,1
68876,10,1
68877,9,1
68878,2,2
68879,6,2
68880,7,1
68881,4,2
68882,5,2
68883,5,2
68884,5,1
68885,3,2
68886,10,1
68887,4,2
68888,4,2
68889,4,2
68890,6,2
68891,4,2
68892,13,1
68893,9,1
68894,7,1
68895,9,1
68896,4,2
68897,11,1
68898,5,2
68899,5,1
68900,5,2
68901,5,1
68902,6,1
68903,3,2
68904,4,2
68905,5,2
68906,3,2
68907,5,2
68908,8,1
68909,11,1
68910,4,1
68911,6,2
68912,4,2
68913,7,2
68914,2,2
68915,9,1
68916,4,1
68917,10,1
68918,5,2
68919,9,1
68920,3,1
68921,8,2
68922,6,1
68923,6,1
68924,5,3
68925,7,1
68926,5,1
68927,6,1
68928,3,1
68929,4,2
68930,3,2
68931,6,2
68932,5,1
68933,9,1
68934,5,1
68935,3,2
68936,4,2
68937,13,1
68938,4,2
68939,7,1
68940,4,2
68941,4,2
68942,6,1
68943,3,2
68944,4,1
68945,2,2
68946,7,1
68947,5,1
68948,5,1
68949,3,2
68950,8,2
68951,6,2
68952,6,1
68953,5,1
68954,6,2
68955,7,1
68956,6,2
68957,4,1
68958,8,1
68959,4,2
68960,4,2
68961,6,1
68962,8,1
68963,5,2
68964,3,2
68965,5,1
68966,6,3
68967,1,3
68968,5,2
68969,7,1
68970,7,1
68971,4,2
68972,5,1
68973,13,1
68974,4,2
68975,8,1
68976,3,2
68977,6,2
68978,7,1
68979,10,1
68980,5,2
68981,7,1
68982,8,1
68983,6,1
68984,5,1
68985,6,2
68986,6,1
68987,3,2
68988,4,2
68989,6,1
68990,6,1
68991,4,2
68992,5,2
68993,6,2
68994,9,1
68995,6,1
68996,2,2
68997,3,1
68998,6,1
68999,7,2
69000,7,1
69001,8,1
69002,7,1
69003,3,2
69004,5,2
69005,10,1
69006,10,3
69007,5,2
69008,10,1
69009,6,1
69010,8,1
69011,3,1
69012,4,2
69013,6,2
69014,6,1
69015,7,1
69016,6,2
69017,8,3
69018,6,2
69019,6,2
69020,9,1
69021,3,2
69022,1,3
69023,3,2
69024,3,2
69025,5,1
69026,4,2
69027,7,1
69028,3,1
69029,4,2
69030,2,2
69031,4,2
69032,9,1
69033,9,1
69034,3,2
69035,5,2
69036,7,1
69037,10,1
69038,5,2
69039,4,2
69040,11,1
69041,4,1
69042,5,2
69043,5,1
69044,5,2
69045,6,1
69046,4,2
69047,9,1
69048,7,2
69049,7,1
69050,10,1
69051,9,1
69052,9,1
69053,7,1
69054,8,1
69055,4,2
69056,3,2
69057,9,1
69058,4,2
69059,5,2
69060,1,2
69061,6,1
69062,5,1
69063,5,1
69064,5,2
69065,4,2
69066,8,1
69067,8,1
69068,6,1
69069,6,2
69070,5,2
69071,11,1
69072,6,1
69073,4,2
69074,5,1
69075,4,2
69076,4,1
69077,6,2
69078,5,2
69079,8,2
69080,4,1
69081,6,2
69082,4,2
69083,7,1
69084,5,2
69085,4,2
69086,6,3
69087,6,1
69088,4,1
69089,4,2
69090,10,3
69091,5,2
69092,4,1
69093,7,1
69094,4,2
69095,6,2
69096,5,1
69097,3,2
69098,5,1
69099,4,2
69100,8,1
69101,6,2
69102,3,3
69103,4,2
69104,5,2
69105,4,2
69106,6,2
69107,8,1
69108,7,1
69109,4,2
69110,7,1
69111,8,2
69112,2,2
69113,3,2
69114,,
69115,6,1
69116,7,1
69117,6,1
69118,7,1
69119,4,1
69120,4,2
69121,4,2
69122,6,1
69123,8,1
69124,5,2
69125,3,2
69126,4,1
69127,6,1
69128,6,2
69129,6,1
69130,5,2
69131,6,1
69132,9,2
69133,7,2
69134,5,2
69135,13,1
69136,4,2
69137,8,1
69138,5,2
69139,5,1
69140,6,1
69141,5,1
69142,6,1
69143,4,1
69144,6,1
69145,9,1
69146,5,1
69147,5,1
69148,3,2
69149,5,1
69150,9,2
69151,11,1
69152,9,1
69153,3,1
69154,12,1
69155,5,2
69156,9,1
69157,4,1
69158,5,1
69159,3,2
69160,6,1
69161,4,2
69162,2,2
69163,7,1
69164,5,1
69165,6,1
69166,11,1
69167,4,1
69168,9,1
69169,8,1
69170,6,1
69171,4,1
69172,6,1
69173,7,2
69174,6,1
69175,4,2
69176,5,2
69177,5,1
69178,4,1
69179,8,1
69180,10,1
69181,6,1
69182,4,2
69183,6,2
69184,6,1
69185,5,1
69186,4,2
69187,3,2
69188,9,1
69189,7,1
69190,6,1
69191,2,2
69192,5,1
69193,4,2
69194,4,2
69195,5,2
69196,6,2
69197,7,2
69198,5,1
69199,6,2
69200,6,1
69201,10,1
69202,5,1
69203,5,1
69204,6,2
69205,4,1
69206,5,1
69207,4,2
69208,5,2
69209,4,2
69210,4,3
69211,4,2
69212,8,2
69213,5,1
69214,6,1
69215,6,2
69216,6,2
69217,5,1
69218,3,2
69219,5,2
69220,4,2
69221,9,1
69222,5,1
69223,3,2
69224,4,2
69225,5,2
69226,11,1
69227,8,1
69228,7,1
69229,5,1
69230,5,2
69231,6,2
69232,4,2
69233,4,2
69234,8,2
69235,5,2
69236,4,2
69237,7,1
69238,6,2
69239,2,2
69240,3,2
69241,3,1
69242,5,2
69243,6,1
69244,7,1
69245,4,2
69246,8,1
69247,3,2
69248,5,2
69249,7,2
69250,8,2
69251,3,2
69252,7,1
69253,3,2
69254,3,2
69255,6,1
69256,6,1
69257,5,1
69258,6,1
69259,8,2
69260,4,2
69261,7,1
69262,5,2
69263,5,2
69264,8,1
69265,3,2
69266,5,2
69267,3,2
69268,7,2
69269,8,2
69270,7,1
69271,7,1
69272,3,2
69273,5,2
69274,4,2
69275,5,1
69276,7,1
69277,4,2
69278,7,1
69279,10,1
69280,4,2
69281,10,1
69282,2,1
69283,4,2
69284,4,2
69285,7,1
69286,3,2
69287,7,1
69288,8,1
69289,6,1
69290,4,2
69291,7,1
69292,7,1
69293,6,2
69294,4,2
69295,4,2
69296,7,1
69297,5,2
69298,4,2
69299,7,1
69300,2,3
69301,5,1
69302,4,2
69303,5,2
69304,4,1
69305,6,2
69306,4,2
69307,3,2
69308,6,2
69309,4,1
69310,5,2
69311,7,1
69312,5,1
69313,4,2
69314,6,1
69315,3,2
69316,4,2
69317,7,1
69318,3,2
69319,6,3
69320,3,1
69321,5,1
69322,4,2
69323,4,2
69324,9,1
69325,6,2
69326,4,2
69327,13,1
69328,10,1
69329,4,2
69330,4,2
69331,8,2
69332,6,1
69333,6,1
69334,8,1
69335,6,1
69336,5,2
69337,6,2
69338,6,2
69339,6,1
69340,4,2
69341,3,2
69342,4,2
69343,8,1
69344,5,1
69345,7,2
69346,4,2
69347,6,2
69348,6,2
69349,10,1
69350,6,1
69351,9,1
69352,5,1
69353,7,2
69354,6,1
69355,4,2
69356,8,1
69357,4,2
69358,8,1
69359,4,2
69360,2,2
69361,7,1
69362,3,2
69363,4,2
69364,2,2
69365,3,2
69366,6,1
69367,6,1
69368,9,1
69369,4,2
69370,6,1
69371,5,2
69372,4,2
69373,6,3
69374,5,2
69375,13,1
69376,5,2
69377,7,1
69378,4,2
69379,4,2
69380,4,3
69381,5,2
69382,4,2
69383,9,1
69384,4,2
69385,4,1
69386,6,1
69387,4,1
69388,6,1
69389,3,2
69390,6,1
69391,7,2
69392,9,1
69393,7,2
69394,4,2
69395,5,2
69396,4,2
69397,8,1
69398,7,1
69399,9,1
69400,4,2
69401,6,2
69402,4,2
69403,2,2
69404,8,1
69405,8,1
69406,4,2
69407,5,1
69408,12,2
69409,5,1
69410,11,1
69411,7,1
69412,4,1
69413,6,1
69414,4,2
69415,8,1
69416,9,1
69417,7,1
69418,8,1
69419,7,1
69420,5,1
69421,5,1
69422,9,1
69423,5,2
69424,2,2
69425,8,1
69426,5,1
69427,3,2
69428,7,3
69429,3,2
69430,6,3
69431,9,1
69432,5,2
69433,4,2
69434,6,2
69435,7,1
69436,4,2
69437,8,1
69438,8,2
69439,4,2
69440,6,1
69441,8,1
69442,4,2
69443,11,1
69444,3,2
69445,4,2
69446,7,1
69447,7,2
69448,3,2
69449,9,1
69450,12,1
69451,7,1
69452,9,1
69453,6,1
69454,7,1
69455,7,1
69456,10,1
69457,6,1
69458,6,1
69459,5,1
69460,6,2
69461,6,1
69462,7,1
69463,3,2
69464,10,1
69465,10,1
69466,4,3
69467,6,1
69468,6,1
69469,4,2
69470,5,1
69471,6,1
69472,7,2
69473,9,1
69474,5,3
69475,9,1
69476,7,2
69477,5,1
69478,5,2
69479,6,2
69480,6,1
69481,5,2
69482,4,2
69483,6,2
69484,8,1
69485,6,1
69486,4,2
69487,7,1
69488,6,2
69489,3,1
69490,8,1
69491,5,2
69492,5,2
69493,6,2
69494,13,1
69495,4,2
69496,3,2
69497,2,2
69498,4,1
69499,13,1
69500,6,1
69501,7,1
69502,4,1
69503,2,2
69504,6,1
69505,4,1
69506,5,1
69507,8,1
69508,8,2
69509,4,3
69510,3,2
69511,3,2
69512,4,2
69513,9,1
69514,7,2
69515,5,2
69516,10,1
69517,7,1
69518,3,2
69519,4,2
69520,7,1
69521,8,1
69522,7,2
69523,4,1
69524,5,1
69525,4,2
69526,7,2
69527,4,2
69528,10,1
69529,13,1
69530,7,1
69531,5,2
69532,6,1
69533,2,2
69534,7,1
69535,7,1
69536,6,1
69537,11,1
69538,8,1
69539,8,1
69540,3,2
69541,5,2
69542,12,1
69543,7,1
69544,3,2
69545,6,2
69546,3,2
69547,6,1
69548,4,2
69549,6,1
69550,8,1
69551,6,1
69552,3,1
69553,5,1
69554,3,2
69555,6,2
69556,4,2
69557,5,2
69558,5,2
69559,4,2
69560,4,2
69561,6,1
69562,8,1
69563,4,2
69564,8,1
69565,2,2
69566,6,1
69567,4,2
69568,3,2
69569,6,1
69570,7,1
69571,6,1
69572,6,2
69573,4,1
69574,7,1
69575,6,2
69576,4,2
69577,3,1
69578,2,2
69579,7,1
69580,4,2
69581,5,1
69582,4,2
69583,7,1
69584,4,2
69585,8,2
69586,3,2
69587,8,1
69588,10,1
69589,10,1
69590,6,2
69591,3,2
69592,4,2
69593,4,2
69594,7,1
69595,11,1
69596,8,1
69597,7,1
69598,2,2
69599,7,1
69600,7,1
69601,8,1
69602,6,1
69603,4,2
69604,2,2
69605,4,1
69606,4,1
69607,5,2
69608,3,2
69609,5,2
69610,6,3
69611,7,1
69612,10,1
69613,5,1
69614,4,2
69615,4,2
69616,5,2
69617,6,1
69618,6,1
69619,9,2
69620,4,2
69621,5,1
69622,8,1
69623,7,1
69624,,
69625,3,2
69626,9,1
69627,3,2
69628,5,1
69629,5,3
69630,5,1
69631,6,1
69632,6,1
69633,9,1
69634,6,2
69635,6,1
69636,5,1
69637,3,2
69638,9,1
69639,8,1
69640,4,2
69641,11,1
69642,1,3
69643,4,2
69644,4,2
69645,8,1
69646,6,1
69647,5,2
69648,7,1
69649,4,2
69650,4,2
69651,6,2
69652,4,1
69653,5,2
69654,6,2
69655,7,1
69656,6,1
69657,3,1
69658,10,1
69659,4,2
69660,,
69661,4,1
69662,6,1
69663,9,1
69664,6,1
69665,9,1
69666,9,1
69667,5,1
69668,10,1
69669,8,1
69670,6,1
69671,4,2
69672,3,2
69673,6,1
69674,6,2
69675,6,1
69676,4,2
69677,6,2
69678,4,1
69679,4,1
69680,5,1
69681,8,1
69682,4,3
69683,6,1
69684,7,1
69685,5,2
69686,3,2
69687,11,1
69688,6,1
69689,7,1
69690,7,1
69691,7,1
69692,4,3
69693,5,1
69694,9,1
69695,2,2
69696,7,2
69697,777,2
69698,4,2
69699,8,1
69700,4,2
69701,4,1
69702,8,1
69703,5,2
69704,1,2
69705,5,2
69706,6,2
69707,9,1
69708,9,1
69709,7,1
69710,5,1
69711,7,2
69712,8,1
69713,6,2
69714,5,3
69715,8,2
69716,11,1
69717,7,1
69718,9,1
69719,6,2
69720,4,1
69721,2,2
69722,4,2
69723,4,2
69724,6,2
69725,9,2
69726,3,2
69727,3,2
69728,4,2
69729,9,1
69730,3,2
69731,3,3
69732,3,2
69733,8,1
69734,4,2
69735,6,1
69736,6,3
69737,7,1
69738,5,1
69739,5,2
69740,9,1
69741,4,1
69742,5,1
69743,13,1
69744,8,1
69745,4,2
69746,8,1
69747,4,1
69748,6,1
69749,6,2
69750,8,1
69751,6,1
69752,5,1
69753,6,1
69754,6,1
69755,9,1
69756,4,2
69757,7,1
69758,5,2
69759,8,1
69760,5,2
69761,9,1
69762,5,1
69763,5,2
69764,7,1
69765,4,2
69766,10,1
69767,9,1
69768,5,2
69769,10,1
69770,5,2
69771,5,1
69772,5,2
69773,6,1
69774,4,2
69775,6,2
69776,4,1
69777,9,1
69778,4,2
69779,7,1
69780,8,1
69781,7,1
69782,5,2
69783,1,2
69784,4,3
69785,5,1
69786,5,1
69787,6,1
69788,5,1
69789,5,1
69790,4,1
69791,6,1
69792,7,2
69793,6,2
69794,4,1
69795,5,1
69796,10,1
69797,6,1
69798,4,2
69799,5,2
69800,4,1
69801,7,1
69802,6,1
69803,10,1
69804,8,1
69805,9,1
69806,7,1
69807,7,1
69808,5,1
69809,5,2
69810,4,2
69811,7,2
69812,9,1
69813,4,1
69814,6,1
69815,7,1
69816,9,1
69817,5,1
69818,7,2
69819,8,1
69820,7,1
69821,2,2
69822,4,1
69823,5,1
69824,7,1
69825,10,1
69826,4,2
69827,3,2
69828,4,2
69829,8,1
69830,3,1
69831,1,2
69832,2,2
69833,5,2
69834,6,1
69835,4,2
69836,7,2
69837,6,2
69838,4,2
69839,5,2
69840,3,2
69841,8,2
69842,6,1
69843,8,1
69844,5,1
69845,9,1
69846,11,1
69847,10,1
69848,4,2
69849,9,1
69850,5,1
69851,4,2
69852,8,1
69853,5,2
69854,5,1
69855,4,1
69856,8,1
69857,4,2
69858,9,1
69859,5,2
69860,6,1
69861,6,1
69862,13,2
69863,6,1
69864,5,1
69865,4,2
69866,4,3
69867,6,1
69868,3,2
69869,7,1
69870,6,1
69871,2,2
69872,8,1
69873,4,2
69874,7,1
69875,6,1
69876,8,2
69877,3,2
69878,4,2
69879,5,3
69880,5,2
69881,7,1
69882,8,2
69883,8,1
69884,6,1
69885,3,1
69886,4,2
69887,5,1
69888,6,1
69889,8,1
69890,11,1
69891,6,1
69892,5,1
69893,6,2
69894,8,1
69895,5,2
69896,1,2
69897,5,2
69898,10,1
69899,6,2
69900,3,2
69901,5,1
69902,6,2
69903,4,2
69904,5,2
69905,5,1
69906,5,2
69907,5,2
69908,3,2
69909,5,2
69910,3,2
69911,3,2
69912,4,2
69913,4,2
69914,8,1
69915,4,2
69916,6,2
69917,11,1
69918,4,2
69919,3,2
69920,6,1
69921,4,2
69922,5,2
69923,7,1
69924,4,2
69925,4,1
69926,3,2
69927,6,1
69928,3,2
69929,8,1
69930,5,2
69931,7,1
69932,4,2
69933,8,2
69934,8,1
69935,7,1
69936,10,1
69937,8,2
69938,8,2
69939,3,2
69940,4,1
69941,6,1
69942,3,1
69943,7,1
69944,4,1
69945,7,1
69946,5,2
69947,3,2
69948,8,1
69949,7,1
69950,5,2
69951,8,1
69952,7,1
69953,4,2
69954,8,1
69955,4,2
69956,5,1
69957,7,1
69958,8,1
69959,6,2
69960,3,2
69961,9,1
69962,6,1
69963,4,2
69964,9,1
69965,2,2
69966,4,2
69967,8,1
69968,8,1
69969,3,2
69970,8,1
69971,6,1
69972,12,1
69973,8,2
69974,7,1
69975,10,1
69976,3,2
69977,3,2
69978,5,2
69979,6,2
69980,4,2
69981,3,1
69982,8,3
69983,4,2
69984,4,1
69985,5,1
69986,3,2
69987,4,2
69988,6,1
69989,4,2
69990,5,2
69991,6,1
69992,3,2
69993,4,2
69994,5,1
69995,5,2
69996,7,1
69997,7,2
69998,,
69999,3,2
70000,4,1
70001,5,1
70002,8,1
70003,4,2
70004,8,1
70005,5,1
70006,,
70007,4,2
70008,13,1
70009,6,2
70010,4,2
70011,4,2
70012,9,1
70013,9,1
70014,4,1
70015,4,2
70016,11,1
70017,5,2
70018,5,2
70019,4,2
70020,3,2
70021,8,2
70022,6,1
70023,6,1
70024,9,3
70025,5,2
70026,5,1
70027,6,2
70028,6,2
70029,5,1
70030,4,2
70031,6,1
70032,6,1
70033,8,1
70034,5,2
70035,5,3
70036,5,2
70037,9,1
70038,4,2
70039,7,1
70040,5,2
70041,3,2
70042,7,1
70043,8,1
70044,3,2
70045,8,1
70046,5,3
70047,7,1
70048,5,2
70049,5,2
70050,3,2
70051,4,2
70052,5,2
70053,6,2
70054,2,2
70055,7,1
70056,4,2
70057,4,7
70058,4,2
70059,4,2
70060,4,2
70061,3,2
70062,3,1
70063,7,1
70064,6,2
70065,7,1
70066,6,2
70067,4,2
70068,5,2
70069,4,2
70070,4,2
70071,4,1
70072,4,2
70073,7,1
70074,8,1
70075,3,2
70076,11,1
70077,5,1
70078,2,2
70079,5,1
70080,9,1
70081,5,2
70082,4,2
70083,8,2
70084,2,2
70085,9,1
70086,6,2
70087,6,1
70088,4,2
70089,4,2
70090,8,2
70091,5,2
70092,3,2
70093,5,2
70094,6,1
70095,4,3
70096,9,1
70097,6,2
70098,6,2
70099,12,1
70100,6,2
70101,3,2
70102,4,1
70103,5,3
70104,6,1
70105,4,2
70106,5,1
70107,,
70108,8,1
70109,10,1
70110,4,2
70111,5,1
70112,11,3
70113,5,2
70114,2,2
70115,3,2
70116,8,1
70117,6,1
70118,7,1
70119,4,3
70120,7,1
70121,6,1
70122,8,1
70123,6,1
70124,4,1
70125,4,2
70126,4,2
70127,4,2
70128,4,2
70129,7,2
70130,5,1
70131,7,1
70132,6,1
70133,5,2
70134,3,1
70135,4,2
70136,7,2
70137,5,2
70138,6,1
70139,4,2
70140,9,1
70141,8,1
70142,8,1
70143,4,1
70144,5,2
70145,4,2
70146,8,1
70147,5,2
70148,4,2
70149,13,1
70150,2,1
70151,6,1
70152,11,1
70153,7,1
70154,6,1
70155,2,1
70156,7,1
70157,4,2
70158,8,1
70159,5,1
70160,3,1
70161,5,2
70162,4,2
70163,12,1
70164,8,1
70165,5,2
70166,1,2
70167,6,2
70168,6,1
70169,5,1
70170,5,2
70171,6,2
70172,8,1
70173,6,2
70174,1,2
70175,6,1
70176,4,2
70177,3,2
70178,6,1
70179,5,2
70180,5,2
70181,5,1
70182,6,2
70183,8,2
70184,7,2
70185,5,2
70186,7,1
70187,7,1
70188,3,2
70189,6,1
70190,6,2
70191,3,2
70192,1,2
70193,5,2
70194,4,2
70195,6,3
70196,2,1
70197,3,2
70198,8,1
70199,9,1
70200,8,2
70201,4,2
70202,4,1
70203,5,1
70204,5,1
70205,5,1
70206,6,1
70207,12,1
70208,7,1
70209,5,1
70210,4,2
70211,4,1
70212,8,1
70213,9,2
70214,3,2
70215,6,1
70216,9,1
70217,8,1
70218,4,2
70219,5,1
70220,6,1
70221,9,1
70222,13,1
70223,1,2
70224,5,2
70225,6,3
70226,5,2
70227,13,1
70228,3,2
70229,4,7
70230,3,2
70231,7,1
70232,7,1
70233,4,2
70234,3,2
70235,3,2
70236,8,1
70237,8,1
70238,5,1
70239,7,1
70240,7,1
70241,7,1
70242,3,2
70243,8,1
70244,5,1
70245,4,2
70246,6,1
70247,8,1
70248,2,2
70249,7,1
70250,9,1
70251,6,1
70252,5,2
70253,4,3
70254,9,1
70255,3,2
70256,8,1
70257,5,2
70258,3,2
70259,4,1
70260,,
70261,3,2
70262,7,1
70263,7,1
70264,,
70265,6,1
70266,7,1
70267,5,2
70268,4,1
70269,5,2
70270,4,2
70271,3,2
70272,4,2
70273,3,2
70274,7,1
70275,5,2
70276,11,1
70277,7,2
70278,4,2
70279,4,2
70280,6,2
70281,4,1
70282,5,2
70283,6,2
70284,7,1
70285,2,2
70286,8,1
70287,5,1
70288,7,2
70289,6,1
70290,4,2
70291,6,2
70292,13,1
70293,2,2
70294,7,1
70295,9,1
70296,5,2
70297,6,1
70298,7,3
70299,1,2
70300,4,2
70301,4,2
70302,4,2
70303,7,1
70304,4,1
70305,6,1
70306,6,1
70307,7,1
70308,4,2
70309,5,2
70310,8,1
70311,3,2
70312,3,2
70313,6,1
70314,5,1
70315,4,2
70316,7,2
70317,4,1
70318,4,2
70319,5,1
70320,5,1
70321,3,1
70322,8,2
70323,5,2
70324,10,1
70325,4,1
70326,6,1
70327,1,2
70328,3,2
70329,4,2
70330,7,1
70331,4,2
70332,4,1
70333,10,1
70334,8,1
70335,5,2
70336,6,2
70337,5,1
70338,7,2
70339,4,1
70340,5,2
70341,8,1
70342,5,1
70343,11,1
70344,4,2
70345,4,2
70346,5,2
70347,5,2
70348,6,1
70349,8,1
70350,5,1
70351,6,1
70352,7,1
70353,5,2
70354,9,3
70355,2,2
70356,4,3
70357,8,1
70358,7,1
70359,8,1
70360,4,1
70361,8,1
70362,5,3
70363,7,1
70364,3,2
70365,6,2
70366,6,1
70367,8,1
70368,11,1
70369,4,2
70370,4,2
70371,6,1
70372,7,1
70373,7,2
70374,5,2
70375,6,2
70376,5,1
70377,3,2
70378,6,2
70379,7,1
70380,5,2
70381,5,1
70382,7,1
70383,8,3
70384,3,2
70385,4,2
70386,6,1
70387,4,1
70388,10,1
70389,2,2
70390,5,1
70391,4,1
70392,5,2
70393,4,2
70394,7,1
70395,6,1
70396,7,1
70397,6,1
70398,3,2
70399,6,2
70400,9,1
70401,8,2
70402,5,1
70403,5,1
70404,4,2
70405,7,1
70406,5,2
70407,3,2
70408,5,3
70409,8,1
70410,3,2
70411,4,2
70412,6,1
70413,8,1
70414,4,2
70415,10,1
70416,3,2
70417,6,1
70418,4,1
70419,1,2
70420,4,2
70421,5,2
70422,4,2
70423,5,1
70424,6,2
70425,6,1
70426,5,1
70427,4,1
70428,5,2
70429,4,1
70430,9,1
70431,3,2
70432,13,1
70433,5,2
70434,6,1
70435,2,2
70436,5,2
70437,8,1
70438,9,1
70439,11,1
70440,6,2
70441,3,2
70442,5,1
70443,4,1
70444,3,2
70445,8,1
70446,5,2
70447,6,2
70448,6,1
70449,8,1
70450,6,1
70451,7,2
70452,8,1
70453,6,1
70454,5,2
70455,4,2
70456,6,1
70457,5,1
70458,9,1
70459,5,2
70460,4,2
70461,4,2
70462,4,2
70463,7,1
70464,5,2
70465,4,2
70466,5,2
70467,13,1
70468,4,2
70469,4,2
70470,5,1
70471,8,1
70472,5,2
70473,8,1
70474,3,2
70475,,
70476,4,1
70477,7,2
70478,4,1
70479,4,2
70480,7,1
70481,4,2
70482,13,1
70483,6,1
70484,5,2
70485,4,1
70486,4,2
70487,5,2
70488,7,1
70489,5,2
70490,6,1
70491,5,2
70492,5,2
70493,4,2
70494,5,1
70495,4,2
70496,10,1
70497,,
70498,11,1
70499,3,2
70500,6,2
70501,7,1
70502,5,1
70503,6,3
70504,6,1
70505,4,2
70506,5,2
70507,4,1
70508,7,1
70509,11,1
70510,4,3
70511,6,1
70512,2,2
70513,4,1
70514,5,2
70515,10,1
70516,8,2
70517,10,1
70518,5,2
70519,6,1
70520,6,1
70521,6,1
70522,4,2
70523,6,1
70524,12,1
70525,2,2
70526,7,1
70527,3,1
70528,5,2
70529,6,1
70530,4,2
70531,9,1
70532,4,1
70533,4,1
70534,,
70535,5,2
70536,3,2
70537,12,2
70538,3,2
70539,3,2
70540,6,1
70541,8,2
70542,10,1
70543,6,1
70544,8,1
70545,5,1
70546,5,2
70547,5,2
70548,3,2
70549,5,2
70550,5,1
70551,10,3
70552,9,2
70553,6,2
70554,10,1
70555,6,1
70556,5,1
70557,5,2
70558,9,2
70559,6,2
70560,10,1
70561,11,1
70562,5,1
70563,4,2
70564,3,3
70565,3,1
70566,6,2
70567,5,1
70568,6,1
70569,7,1
70570,6,1
70571,7,1
70572,4,2
70573,5,2
70574,5,2
70575,6,2
70576,4,2
70577,5,1
70578,4,2
70579,7,2
70580,4,1
70581,7,1
70582,3,2
70583,6,1
70584,8,1
70585,9,1
70586,6,1
70587,4,2
70588,2,2
70589,6,1
70590,5,2
70591,3,3
70592,5,2
70593,5,1
70594,6,1
70595,7,1
70596,9,1
70597,5,1
70598,5,2
70599,4,1
70600,5,2
70601,3,2
70602,10,1
70603,4,2
70604,3,2
70605,11,1
70606,5,1
70607,8,1
70608,6,1
70609,6,1
70610,5,2
70611,6,1
70612,4,2
70613,4,2
70614,4,2
70615,4,2
70616,6,2
70617,5,2
70618,3,1
70619,8,1
70620,7,1
70621,6,2
70622,8,1
70623,6,1
70624,6,1
70625,8,2
70626,7,1
70627,12,1
70628,6,1
70629,6,2
70630,6,2
70631,8,1
70632,6,1
70633,7,1
70634,8,2
70635,6,1
70636,9,1
70637,5,1
70638,8,1
70639,5,2
70640,8,1
70641,2,2
70642,8,1
70643,11,1
70644,6,1
70645,4,2
70646,7,1
70647,4,2
70648,4,7
70649,10,1
70650,7,1
70651,4,2
70652,,
70653,5,2
70654,4,2
70655,6,1
70656,5,1
70657,7,2
70658,4,2
70659,4,2
70660,6,2
70661,7,1
70662,8,3
70663,1,2
70664,6,1
70665,8,1
70666,2,2
70667,5,2
70668,5,1
70669,4,2
70670,6,2
70671,11,1
70672,5,2
70673,9,1
70674,3,2
70675,7,1
70676,9,1
70677,5,1
70678,4,1
70679,13,1
70680,9,1
70681,7,1
70682,5,2
70683,4,2
70684,8,1
70685,3,2
70686,8,1
70687,8,1
70688,7,2
70689,5,1
70690,5,1
70691,5,2
70692,6,2
70693,12,1
70694,4,2
70695,5,2
70696,7,2
70697,6,1
70698,6,1
70699,3,2
70700,3,2
70701,3,2
70702,6,2
70703,6,1
70704,5,1
70705,6,1
70706,7,1
70707,5,2
70708,6,1
70709,7,2
70710,5,1
70711,6,1
70712,6,2
70713,5,1
70714,11,1
70715,7,1
70716,8,1
70717,5,1
70718,6,1
70719,9,1
70720,4,2
70721,8,1
70722,5,2
70723,4,1
70724,3,2
70725,6,1
70726,7,2
70727,6,1
70728,4,2
70729,5,1
70730,6,3
70731,5,2
70732,5,1
70733,4,2
70734,10,1
70735,2,2
70736,9,1
70737,3,2
70738,4,2
70739,8,1
70740,2,2
70741,6,2
70742,4,2
70743,6,1
70744,4,2
70745,7,1
70746,,
70747,2,2
70748,5,1
70749,4,1
70750,9,1
70751,3,2
70752,3,2
70753,4,2
70754,11,1
70755,9,1
70756,3,2
70757,2,1
70758,3,2
70759,4,2
70760,12,1
70761,2,2
70762,4,2
70763,9,1
70764,8,2
70765,5,1
70766,5,2
70767,4,2
70768,6,1
70769,4,2
70770,9,1
70771,10,1
70772,6,1
70773,7,1
70774,4,1
70775,4,1
70776,9,1
70777,5,2
70778,11,1
70779,6,1
70780,12,1
70781,5,1
70782,7,1
70783,3,2
70784,8,1
70785,6,2
70786,10,1
70787,7,1
70788,4,2
70789,6,2
70790,8,1
70791,8,1
70792,3,2
70793,10,1
70794,2,2
70795,8,2
70796,5,2
70797,7,2
70798,5,1
70799,9,1
70800,,
70801,3,2
70802,5,2
70803,4,2
70804,12,1
70805,12,1
70806,7,2
70807,10,1
70808,10,1
70809,5,2
70810,3,2
70811,10,1
70812,7,1
70813,4,2
70814,10,1
70815,4,2
70816,5,2
70817,4,2
70818,3,1
70819,6,1
70820,7,1
70821,7,1
70822,3,3
70823,9,1
70824,5,1
70825,9,1
70826,5,1
70827,4,2
70828,4,2
70829,6,1
70830,5,1
70831,6,1
70832,5,1
70833,4,2
70834,13,1
70835,7,1
70836,5,2
70837,5,2
70838,5,2
70839,8,1
70840,6,2
70841,7,1
70842,5,2
70843,11,2
70844,3,2
70845,9,1
70846,5,2
70847,5,2
70848,4,1
70849,4,1
70850,8,1
70851,4,2
70852,4,1
70853,6,2
70854,5,2
70855,4,2
70856,7,1
70857,6,2
70858,9,1
70859,5,2
70860,6,1
70861,4,2
70862,8,1
70863,3,2
70864,4,2
70865,8,1
70866,7,1
70867,5,1
70868,5,2
70869,6,1
70870,6,1
70871,6,1
70872,4,2
70873,6,1
70874,6,1
70875,8,2
70876,2,2
70877,3,2
70878,4,1
70879,5,2
70880,4,2
70881,6,1
70882,7,1
70883,8,2
70884,5,2
70885,5,2
70886,6,3
70887,6,1
70888,5,2
70889,5,2
70890,8,1
70891,5,2
70892,7,2
70893,4,2
70894,5,1
70895,5,2
70896,5,1
70897,4,2
70898,4,2
70899,13,1
70900,4,2
70901,7,1
70902,5,2
70903,5,2
70904,4,2
70905,7,1
70906,7,1
70907,4,1
70908,7,2
70909,6,3
70910,4,2
70911,7,1
70912,6,1
70913,4,2
70914,4,1
70915,6,1
70916,4,3
70917,4,2
70918,4,2
70919,7,2
70920,6,1
70921,7,1
70922,8,1
70923,4,1
70924,3,2
70925,6,2
70926,4,1
70927,5,1
70928,3,2
70929,5,2
70930,5,2
70931,6,1
70932,5,2
70933,5,1
70934,3,1
70935,9,1
70936,4,2
70937,6,2
70938,4,1
70939,6,2
70940,7,1
70941,6,1
70942,6,2
70943,4,2
70944,5,1
70945,2,2
70946,6,2
70947,7,1
70948,3,3
70949,6,1
70950,5,2
70951,9,3
70952,7,1
70953,3,2
70954,3,2
70955,8,1
70956,4,2
70957,5,1
70958,5,2
70959,4,3
70960,13,1
70961,4,2
70962,9,1
70963,8,1
70964,8,2
70965,4,2
70966,4,2
70967,6,2
70968,2,2
70969,3,2
70970,3,2
70971,6,1
70972,4,2
70973,4,1
70974,6,1
70975,4,2
70976,5,1
70977,7,2
70978,5,2
70979,10,1
70980,13,1
70981,5,1
70982,6,2
70983,4,2
70984,12,1
70985,5,2
70986,5,1
70987,8,1
70988,6,2
70989,6,1
70990,5,2
70991,3,2
70992,3,2
70993,7,1
70994,4,2
70995,6,1
70996,5,1
70997,6,3
70998,3,2
70999,10,1
71000,4,1
71001,5,2
71002,7,1
71003,3,1
71004,7,1
71005,8,1
71006,3,2
71007,6,1
71008,7,1
71009,5,2
71010,6,2
71011,8,1
71012,7,1
71013,6,2
71014,3,2
71015,5,1
71016,10,1
71017,5,2
71018,5,1
71019,6,1
71020,3,2
71021,3,2
71022,6,2
71023,6,1
71024,7,1
71025,2,2
71026,8,1
71027,6,2
71028,4,2
71029,3,2
71030,5,2
71031,5,1
71032,4,2
71033,4,2
71034,4,2
71035,5,1
71036,5,1
71037,10,1
71038,3,2
71039,3,2
71040,4,1
71041,8,1
71042,6,2
71043,10,1
71044,5,1
71045,5,2
71046,9,1
71047,7,1
71048,4,3
71049,4,3
71050,7,2
71051,10,1
71052,3,2
71053,7,1
71054,6,2
71055,4,1
71056,4,1
71057,4,2
71058,13,1
71059,5,1
71060,5,2
71061,6,1
71062,6,2
71063,7,1
71064,6,2
71065,4,1
71066,3,2
71067,6,2
71068,5,2
71069,9,1
71070,3,2
71071,4,2
71072,7,1
71073,6,1
71074,7,1
71075,5,1
71076,5,2
71077,5,2
71078,4,2
71079,8,1
71080,4,2
71081,6,2
71082,5,1
71083,5,1
71084,6,2
71085,4,1
71086,3,2
71087,4,2
71088,7,1
71089,3,2
71090,4,1
71091,4,2
71092,3,2
71093,8,1
71094,7,1
71095,8,2
71096,5,1
71097,6,3
71098,5,3
71099,6,1
71100,6,2
71101,7,2
71102,5,2
71103,7,2
71104,4,2
71105,6,1
71106,6,1
71107,5,1
71108,4,3
71109,7,1
71110,4,2
71111,2,2
71112,5,1
71113,6,1
71114,1,3
71115,6,1
71116,6,2
71117,6,2
71118,4,2
71119,6,1
71120,3,2
71121,7,1
71122,7,1
71123,5,2
71124,3,2
71125,5,2
71126,8,1
71127,7,1
71128,4,2
71129,5,1
71130,4,2
71131,7,2
71132,8,1
71133,3,2
71134,6,1
71135,4,1
71136,4,1
71137,2,1
71138,7,3
71139,6,2
71140,9,2
71141,9,1
71142,5,2
71143,8,1
71144,8,2
71145,9,2
71146,6,2
71147,7,2
71148,6,2
71149,8,1
71150,5,2
71151,5,2
71152,8,1
71153,12,1
71154,8,1
71155,3,1
71156,5,1
71157,4,2
71158,3,2
71159,8,1
71160,3,2
71161,6,1
71162,5,2
71163,7,2
71164,9,1
71165,3,2
71166,4,2
71167,6,2
71168,,
71169,7,1
71170,2,2
71171,5,2
71172,3,2
71173,3,2
71174,8,1
71175,4,2
71176,2,2
71177,5,1
71178,3,2
71179,4,1
71180,2,2
71181,6,3
71182,13,1
71183,4,2
71184,5,1
71185,4,2
71186,3,1
71187,5,2
71188,4,1
71189,8,1
71190,5,2
71191,6,2
71192,4,2
71193,3,2
71194,5,2
71195,5,1
71196,5,1
71197,7,2
71198,5,1
71199,5,2
71200,4,1
71201,5,1
71202,7,1
71203,6,1
71204,10,1
71205,13,1
71206,5,2
71207,8,1
71208,1,2
71209,4,1
71210,2,2
71211,3,2
71212,9,1
71213,8,1
71214,4,1
71215,4,2
71216,4,1
71217,4,2
71218,5,1
71219,4,2
71220,5,1
71221,6,2
71222,5,1
71223,3,3
71224,13,1
71225,4,2
71226,4,2
71227,7,1
71228,3,2
71229,4,2
71230,4,2
71231,3,2
71232,4,1
71233,6,2
71234,6,1
71235,12,1
71236,4,2
71237,7,2
71238,4,2
71239,8,1
71240,3,2
71241,4,2
71242,6,1
71243,9,1
71244,7,1
71245,5,2
71246,6,1
71247,10,1
71248,5,2
71249,9,1
71250,5,3
71251,6,1
71252,5,2
71253,7,1
71254,5,2
71255,4,2
71256,5,2
71257,8,2
71258,4,2
71259,4,2
71260,6,1
71261,7,2
71262,7,1
71263,5,1
71264,4,2
71265,13,1
71266,8,1
71267,8,1
71268,5,2
71269,4,2
71270,5,2
71271,5,2
71272,3,2
71273,5,1
71274,3,2
71275,8,1
71276,6,1
71277,6,1
71278,6,1
71279,6,2
71280,4,2
71281,5,2
71282,4,2
71283,4,2
71284,5,2
71285,6,1
71286,4,1
71287,5,2
71288,9,1
71289,4,2
71290,5,1
71291,10,1
71292,7,2
71293,2,2
71294,9,1
71295,4,2
71296,7,1
71297,7,1
71298,7,1
71299,4,2
71300,9,1
71301,5,1
71302,5,1
71303,6,1
71304,6,2
71305,1,2
71306,5,1
71307,5,1
71308,7,1
71309,3,2
71310,6,1
71311,5,1
71312,5,1
71313,11,1
71314,4,1
71315,7,2
71316,5,1
71317,6,2
71318,5,2
71319,5,2
71320,6,1
71321,7,1
71322,4,2
71323,4,2
71324,2,2
71325,6,2
71326,8,2
71327,6,2
71328,5,3
71329,8,2
71330,3,2
71331,3,2
71332,3,2
71333,3,2
71334,4,1
71335,6,1
71336,5,1
71337,9,1
71338,5,2
71339,6,2
71340,8,1
71341,7,1
71342,7,1
71343,3,2
71344,4,1
71345,3,2
71346,6,1
71347,5,2
71348,3,2
71349,3,1
71350,6,1
71351,5,1
71352,7,1
71353,3,2
71354,4,2
71355,10,1
71356,11,1
71357,12,1
71358,3,2
71359,4,2
71360,4,2
71361,5,1
71362,2,2
71363,,
71364,3,2
71365,4,2
71366,6,3
71367,7,1
71368,8,1
71369,6,3
71370,5,2
71371,4,2
71372,4,1
71373,3,2
71374,11,1
71375,6,1
71376,7,1
71377,7,1
71378,7,1
71379,5,1
71380,4,2
71381,4,1
71382,7,1
71383,3,2
71384,7,1
71385,7,1
71386,6,1
71387,5,1
71388,3,2
71389,7,1
71390,6,1
71391,12,1
71392,7,1
71393,6,1
71394,2,2
71395,3,2
71396,5,2
71397,5,2
71398,6,1
71399,8,1
71400,3,2
71401,4,1
71402,8,1
71403,6,1
71404,2,1
71405,3,2
71406,4,2
71407,1,2
71408,3,2
71409,5,2
71410,8,1
71411,5,2
71412,5,1
71413,4,2
71414,6,1
71415,8,2
71416,5,2
71417,5,2
71418,10,1
71419,6,1
71420,6,1
71421,5,1
71422,10,1
71423,7,1
71424,4,3
71425,5,2
71426,4,2
71427,3,2
71428,3,2
71429,4,2
71430,4,2
71431,4,2
71432,5,2
71433,5,2
71434,10,1
71435,5,2
71436,8,1
71437,4,2
71438,3,1
71439,10,1
71440,8,1
71441,5,2
71442,3,2
71443,5,1
71444,4,2
71445,5,1
71446,3,2
71447,4,2
71448,5,2
71449,5,2
71450,4,2
71451,5,2
71452,7,1
71453,4,1
71454,6,2
71455,5,3
71456,5,1
71457,4,2
71458,5,1
71459,8,1
71460,11,1
71461,5,2
71462,3,2
71463,7,1
71464,4,2
71465,4,2
71466,2,2
71467,6,2
71468,3,2
71469,5,1
71470,6,1
71471,9,1
71472,5,1
71473,4,1
71474,5,2
71475,5,3
71476,6,1
71477,5,1
71478,6,1
71479,7,1
71480,5,1
71481,5,2
71482,9,3
71483,5,1
71484,6,1
71485,3,1
71486,3,2
71487,5,2
71488,3,2
71489,9,1
71490,5,1
71491,5,1
71492,6,2
71493,7,1
71494,4,2
71495,4,2
71496,8,1
71497,5,2
71498,3,2
71499,6,1
71500,7,1
71501,6,1
71502,8,1
71503,4,2
71504,3,2
71505,5,1
71506,4,1
71507,3,2
71508,5,2
71509,5,2
71510,5,1
71511,,
71512,7,2
71513,6,1
71514,4,2
71515,4,2
71516,1,2
71517,5,1
71518,7,1
71519,4,2
71520,3,2
71521,10,1
71522,8,1
71523,5,1
71524,5,1
71525,6,1
71526,8,1
71527,5,1
71528,6,1
71529,4,1
71530,5,1
71531,1,2
71532,5,1
71533,3,2
71534,5,1
71535,7,1
71536,5,2
71537,4,2
71538,5,2
71539,5,1
71540,2,2
71541,5,2
71542,7,3
71543,7,1
71544,7,1
71545,6,3
71546,4,2
71547,6,2
71548,4,1
71549,3,2
71550,6,1
71551,7,1
71552,4,2
71553,7,2
71554,6,2
71555,5,1
71556,4,2
71557,9,1
71558,7,2
71559,5,2
71560,6,1
71561,7,1
71562,4,1
71563,4,2
71564,5,2
71565,6,1
71566,8,1
71567,6,1
71568,7,1
71569,4,3
71570,4,2
71571,5,1
71572,5,2
71573,10,1
71574,5,2
71575,6,1
71576,6,2
71577,6,1
71578,6,1
71579,3,2
71580,6,1
71581,5,2
71582,6,2
71583,7,1
71584,8,1
71585,6,1
71586,4,2
71587,7,1
71588,10,1
71589,6,1
71590,7,1
71591,8,1
71592,4,2
71593,6,2
71594,13,2
71595,7,1
71596,6,2
71597,9,1
71598,4,2
71599,13,1
71600,4,3
71601,7,1
71602,5,2
71603,4,2
71604,4,2
71605,4,2
71606,8,1
71607,3,2
71608,5,2
71609,4,2
71610,3,2
71611,9,1
71612,4,2
71613,8,1
71614,7,1
71615,5,1
71616,2,2
71617,3,2
71618,3,2
71619,4,3
71620,4,1
71621,4,2
71622,4,1
71623,4,2
71624,7,1
71625,6,2
71626,8,1
71627,7,1
71628,6,2
71629,8,1
71630,3,2
71631,5,2
71632,,
71633,3,1
71634,7,1
71635,11,1
71636,3,3
71637,4,2
71638,3,2
71639,3,2
71640,13,1
71641,13,1
71642,3,2
71643,5,1
71644,7,1
71645,4,1
71646,6,2
71647,9,1
71648,5,1
71649,11,1
71650,9,1
71651,4,2
71652,7,1
71653,8,2
71654,11,1
71655,5,1
71656,4,2
71657,8,1
71658,4,2
71659,5,1
71660,5,1
71661,6,2
71662,7,1
71663,5,2
71664,7,2
71665,4,2
71666,5,2
71667,6,2
71668,8,1
71669,5,1
71670,7,1
71671,7,1
71672,9,1
71673,10,1
71674,4,2
71675,6,1
71676,6,1
71677,4,2
71678,12,1
71679,3,2
71680,5,1
71681,2,1
71682,5,1
71683,3,2
71684,3,2
71685,8,2
71686,4,2
71687,8,1
71688,4,1
71689,7,2
71690,6,1
71691,6,1
71692,5,1
71693,6,3
71694,3,2
71695,7,1
71696,4,2
71697,5,1
71698,9,1
71699,4,2
71700,3,2
71701,6,1
71702,6,1
71703,3,1
71704,6,1
71705,5,1
71706,6,3
71707,2,2
71708,3,1
71709,6,1
71710,8,1
71711,5,2
71712,6,1
71713,13,1
71714,7,1
71715,8,1
71716,8,1
71717,4,1
71718,3,2
71719,1,2
71720,5,1
71721,9,1
71722,7,2
71723,6,1
71724,4,2
71725,5,2
71726,4,1
71727,5,2
71728,7,1
71729,4,2
71730,4,2
71731,5,2
71732,4,2
71733,5,1
71734,3,1
71735,6,3
71736,8,1
71737,4,2
71738,10,1
71739,5,1
71740,5,2
71741,3,2
71742,6,1
71743,5,1
71744,8,1
71745,8,1
71746,4,2
71747,4,2
71748,4,2
71749,3,2
71750,6,1
71751,6,2
71752,4,1
71753,6,1
71754,6,1
71755,4,2
71756,10,1
71757,4,2
71758,4,2
71759,8,1
71760,6,1
71761,9,1
71762,6,1
71763,6,2
71764,6,1
71765,5,1
71766,4,2
71767,9,1
71768,7,1
71769,4,2
71770,3,2
71771,5,1
71772,3,2
71773,7,1
71774,6,1
71775,6,1
71776,2,2
71777,5,1
71778,3,2
71779,9,2
71780,9,1
71781,9,1
71782,7,1
71783,5,2
71784,8,2
71785,5,1
71786,7,1
71787,5,2
71788,4,2
71789,6,2
71790,9,1
71791,7,1
71792,6,1
71793,7,1
71794,9,1
71795,4,2
71796,3,2
71797,,
71798,8,1
71799,7,2
71800,5,1
71801,8,1
71802,7,2
71803,4,2
71804,4,2
71805,7,1
71806,4,2
71807,4,2
71808,5,1
71809,4,2
71810,4,2
71811,7,1
71812,5,1
71813,7,1
71814,6,2
71815,4,2
71816,3,2
71817,4,1
71818,4,2
71819,4,1
71820,10,1
71821,6,1
71822,1,2
71823,9,1
71824,4,2
71825,5,1
71826,6,1
71827,11,1
71828,5,1
71829,3,2
71830,3,2
71831,7,1
71832,8,1
71833,4,2
71834,5,2
71835,7,2
71836,8,1
71837,5,2
71838,3,2
71839,13,1
71840,5,2
71841,6,1
71842,5,1
71843,4,2
71844,4,2
71845,10,1
71846,11,1
71847,8,1
71848,5,2
71849,4,2
71850,3,2
71851,4,2
71852,6,1
71853,4,2
71854,5,2
71855,4,1
71856,6,3
71857,9,1
71858,4,1
71859,5,2
71860,6,1
71861,3,2
71862,4,2
71863,6,1
71864,4,2
71865,6,1
71866,2,2
71867,7,1
71868,7,1
71869,9,1
71870,5,2
71871,5,1
71872,5,1
71873,6,2
71874,4,2
71875,11,1
71876,3,2
71877,6,2
71878,5,2
71879,1,2
71880,6,1
71881,7,1
71882,5,2
71883,6,1
71884,2,2
71885,5,2
71886,4,1
71887,3,1
71888,5,1
71889,8,1
71890,4,2
71891,6,1
71892,3,2
71893,6,2
71894,5,1
71895,4,2
71896,6,2
71897,7,1
71898,6,1
71899,6,1
71900,2,2
71901,6,1
71902,10,1
71903,6,2
71904,4,3
71905,7,1
71906,4,1
71907,6,1
71908,8,1
71909,3,2
71910,10,1
71911,10,1
71912,5,2
71913,10,1
71914,6,2
71915,4,1
71916,4,1
